id,text,gold_intent,gold_group
1,"I still have not received my new card, I ordered over a week ago.",card_arrival,card_setup
12,I still don't have my card after 2 weeks.  What should I do?,card_arrival,card_setup
17,Why hasn't my card been delivered?,card_arrival,card_setup
18,Where is my new card? I have been waiting a week!,card_arrival,card_setup
26,I think something went wrong with my card delivery as I haven't received it yet.,card_arrival,card_setup
29,i want to track the card you sent,card_arrival,card_setup
34,Does the card you sent have a way to track to it?,card_arrival,card_setup
36,"I'm starting to think my card is lost because it still hasn't arrived, can you help?",card_arrival,card_setup
37,Is there tracking info available?,card_arrival,card_setup
39,Where is the tracking number for the card you sent me?,card_arrival,card_setup
45,"I received my new card, but I don't see it in the app anywhere.  What do I do?",card_linking,card_setup
46,How do I re-add a card to the app?,card_linking,card_setup
50,How do I link a new card?,card_linking,card_setup
58,Where on the website do I go to link my card?,card_linking,card_setup
64,Can I reactivate my lost card that I found this morning in my jacket pocket?,card_linking,card_setup
65,how do I link an already existing card?,card_linking,card_setup
67,how do I link a card I already have?,card_linking,card_setup
69,Can you please show me where I can find the location to link my card?,card_linking,card_setup
71,Is there a way to make my old card usable with the app?,card_linking,card_setup
76,"Could you help me reactivate my card? It was previously lost, but I found it this morning in my jacket.",card_linking,card_setup
82,How did you come up with your exchange rates?,exchange_rate,exchange
86,How often do your exchange rates change,exchange_rate,exchange
92,Can you explain your exchange rate policy to me?,exchange_rate,exchange
94,What is the exchange rate like on this app?,exchange_rate,exchange
107,What is the exchange rate like?,exchange_rate,exchange
109,what is the exchange rate?,exchange_rate,exchange
110,Where did your guys exchange rates come from?,exchange_rate,exchange
112,I'm trying to figure out the current exchange rate.,exchange_rate,exchange
117,What is my foreign exchange rate?,exchange_rate,exchange
119,What is the current exchange rate for me?,exchange_rate,exchange
121,I made a currency exchange and think I was charged more than I should of been.,card_payment_wrong_exchange_rate,card_payments
122,the card payment exchange rate is wrong,card_payment_wrong_exchange_rate,card_payments
123,The exchange rate was wrong when I bought something outside the country.,card_payment_wrong_exchange_rate,card_payments
127,The rate applied to my foreign purchase was incorrect,card_payment_wrong_exchange_rate,card_payments
128,I bought something in a foreign currency but the rate applied is wrong!,card_payment_wrong_exchange_rate,card_payments
130,You did not apply the correct exchange rate for an item that I bought.,card_payment_wrong_exchange_rate,card_payments
137,Why is your exchange rate for my card payment wrong,card_payment_wrong_exchange_rate,card_payments
141,"When I made a purchase last Saturday, I was charged extra. Did I receive the right exchange rate?",card_payment_wrong_exchange_rate,card_payments
144,"Hi, I have been overcharged for my payment last Saturday. I guess exchange rate was wrong.",card_payment_wrong_exchange_rate,card_payments
157,Your exchange rate is totally wrong for my card payment,card_payment_wrong_exchange_rate,card_payments
162,I'm not okay with this fee on my statement.,extra_charge_on_statement,statement_refunds
164,There is a fee I don't recognize on my statement.,extra_charge_on_statement,statement_refunds
170,I can see an extra 1£ charge on my app. Why did you charge me extra?,extra_charge_on_statement,statement_refunds
171,Can you tell me why I noticed a $1 charge on my statement?,extra_charge_on_statement,statement_refunds
172,When will the $1 transaction be credited to me?,extra_charge_on_statement,statement_refunds
174,"I noticed an extra $1 charge on my statement, can you tell me why that is?",extra_charge_on_statement,statement_refunds
183,Why was I overcharged a pound!?,extra_charge_on_statement,statement_refunds
186,There is an extra charge on my app that I was not told about or I was aware of!,extra_charge_on_statement,statement_refunds
192,"Can you help me with a weird charge?  It's a pound charge that never goes away from the statement view on the app I'm using.  It's not described as anything but ""Pending"", and that status has never changed during the last two days.",extra_charge_on_statement,statement_refunds
193,What is the purpose of the extra fee that is showing up on my statement?,extra_charge_on_statement,statement_refunds
201,My card was denied at an ATM earlier today but the transaction is pending. Please cancel it as I did not receive my money.,pending_cash_withdrawal,cash_atm
202,My transaction is still showing that is pending from my cash withdrawal.,pending_cash_withdrawal,cash_atm
203,"Hey I tried to get some money out earlier but the machine didn't work. Now just saw the transaction still seems in progress! Can you please check what's going there, seems something is broken, I don't want to be charged for money that I haven't actually received!",pending_cash_withdrawal,cash_atm
208,Why is my withdrawal still pending?,pending_cash_withdrawal,cash_atm
211,Why is a transaction showing as pending when I recieved cash from an ATM?,pending_cash_withdrawal,cash_atm
213,my atm cash out is still pending,pending_cash_withdrawal,cash_atm
224,I'm not quite understanding why my cash withdrawal is showing as pending.,pending_cash_withdrawal,cash_atm
225,I made a cash withdrawal but the pending status is taking forever.,pending_cash_withdrawal,cash_atm
227,Why am I unable to take money from my card but the statement says the transaction is still pending?,pending_cash_withdrawal,cash_atm
230,Cash withdrawal still pending?,pending_cash_withdrawal,cash_atm
247,What currencies do you do exchanges for?,fiat_currency_support,exchange
255,How do I change currencies to euros?,fiat_currency_support,exchange
258,Will you handle EUR?,fiat_currency_support,exchange
264,Am I able to exchange currencies?,fiat_currency_support,exchange
266,Which fiat currencies do you support?,fiat_currency_support,exchange
268,I want to make a currency exchange to EU.,fiat_currency_support,exchange
270,What kind of currency can I hold money in?,fiat_currency_support,exchange
274,How man currencies can I hold?,fiat_currency_support,exchange
278,Do you support the exchange of EUR from my currency.,fiat_currency_support,exchange
279,What countries can I travel to and have access to their currencies?,fiat_currency_support,exchange
280,I need my card now!,card_delivery_estimate,card_setup
281,my card was not in the mail again can you advise?,card_delivery_estimate,card_setup
282,i need my card quick,card_delivery_estimate,card_setup
284,I'm just wondering when my card will get here.,card_delivery_estimate,card_setup
285,Can you get me my card fast?,card_delivery_estimate,card_setup
286,How long will it take to deliver something to US?,card_delivery_estimate,card_setup
289,I need my card quickly,card_delivery_estimate,card_setup
293,What is the difference between standard and express delivery?,card_delivery_estimate,card_setup
301,"Ordered awhile back, what is the ETA in the US?",card_delivery_estimate,card_setup
311,When can I expect to receive my new card?,card_delivery_estimate,card_setup
323,"I'm running out of money, can I  auto top up?",automatic_top_up,top_ups
327,"I read about the auto-top up function, but can't find it in the app.",automatic_top_up,top_ups
334,Are there limits on auto top-up?,automatic_top_up,top_ups
335,can you assist me with the auto top up ?,automatic_top_up,top_ups
338,How can I top up automatically?,automatic_top_up,top_ups
342,Where is the auto top-up option?,automatic_top_up,top_ups
345,Can I space out how often money is transferred along my travels?,automatic_top_up,top_ups
353,Is there any way to Auto top-up?,automatic_top_up,top_ups
355,What is the auto top up function and where can I find that at?,automatic_top_up,top_ups
356,Is there a way to top-up automatically?,automatic_top_up,top_ups
365,My card won't work.,card_not_working,card_payments
371,Can someone assist me by explaining why my card is not working?,card_not_working,card_payments
372,Help me.  My card doesn't work.,card_not_working,card_payments
376,My card isn't working anymore.,card_not_working,card_payments
377,My card was declined today when eating and I need to know what's wrong.,card_not_working,card_payments
378,My card doesn't work.,card_not_working,card_payments
380,My actual card isn't working.,card_not_working,card_payments
387,I can't use my card.,card_not_working,card_payments
393,I have tried to use my card several times and it does not work.,card_not_working,card_payments
394,The card I have doesn't work.,card_not_working,card_payments
401,Tell me how I can exchange between different currency.,exchange_via_app,exchange
403,How do I change GBP to AUD?,exchange_via_app,exchange
405,How do I convert currencies with the app?,exchange_via_app,exchange
417,"If I receive foreign currencies, am I able to exchange them on the app?",exchange_via_app,exchange
422,I was wondering whether exchanging currencies can be done on this app.,exchange_via_app,exchange
425,Change currency,exchange_via_app,exchange
429,What currencies will this app exchange?,exchange_via_app,exchange
431,I would like to exchange some currency.,exchange_via_app,exchange
432,Can I exchange between GBP and USD on the app?,exchange_via_app,exchange
439,I would like to exchange currencies,exchange_via_app,exchange
440,"My entire gym bag, including my wallet, was stolen out of my locker today. Everything in my wallet is gone - how do I block the card to make it can't be used?",lost_or_stolen_card,security_identity
441,I can't find my card and think it may have been stolen.,lost_or_stolen_card,security_identity
442,"Someone stole my card. I need to report it stolen. I made a police report already, but how do I report it with you?",lost_or_stolen_card,security_identity
443,"I cant find my card, it's gone.",lost_or_stolen_card,security_identity
449,Help.  I have a stolen card!,lost_or_stolen_card,security_identity
450,"card is lost, please help",lost_or_stolen_card,security_identity
451,How do I report my card stolen?,lost_or_stolen_card,security_identity
465,My bags were stolen. I need a new card but need to cancel the stolen one.,lost_or_stolen_card,security_identity
466,Somehow I am missing my card.  What should I do?,lost_or_stolen_card,security_identity
470,How do I report my card lost or stolen?,lost_or_stolen_card,security_identity
485,How do I go about setting up an account for my daughter?,age_limit,account
486,Is there an age minimum?,age_limit,account
487,What is the youngest age in order to have an account?,age_limit,account
493,Could I open an account for my children?,age_limit,account
494,What is the age to open an account?,age_limit,account
496,Can I open a bank account for my newborn baby?,age_limit,account
500,Can my 19 year old daughter open a savings account at the bank?,age_limit,account
501,How old do you have to be to get an account?,age_limit,account
510,will i be able to open an account for my daughter,age_limit,account
515,How old do my children need to be to open an account?,age_limit,account
525,I used the wrong ping too many times and now the account is blocked.  How do I unblock?,pin_blocked,card_setup
528,"When I put the wrong pin too much, I got blocked, so can you help me unblock my pin",pin_blocked,card_setup
529,"My pin was blocked, how do I make it so I can use it?",pin_blocked,card_setup
534,What do I do if the bank machine won't accept my PIN attempts anymore?,pin_blocked,card_setup
535,Can you unlock my pin? I think I entered the wrong pin too many times.,pin_blocked,card_setup
537,"I attempted to use my card while I was intoxicated, and I failed to input my PIN, and the machine kept my card. How soon can I have it back?",pin_blocked,card_setup
541,Help! I forgot my PIN and have been locked out of using my card.,pin_blocked,card_setup
544,Are you able to unblock my pin?,pin_blocked,card_setup
551,Can I reactivate my PIN?,pin_blocked,card_setup
553,Can I unblock my pin?,pin_blocked,card_setup
572,Contactless isn't working for me,contactless_not_working,card_payments
579,Can you help my fix my contactless?,contactless_not_working,card_payments
581,I'm unable to use contactless payments for purchases.,contactless_not_working,card_payments
582,"When I tried to pay for my bus ride, the contactless payment wouldn't work. How can I prevent this in the future?",contactless_not_working,card_payments
585,How do I make contactless work,contactless_not_working,card_payments
587,The contactless I have won't work.,contactless_not_working,card_payments
592,How do I use contactless payments?,contactless_not_working,card_payments
593,Help me with my contactless which isn't working.,contactless_not_working,card_payments
597,Do I need to make a regular payment before a contactless one?,contactless_not_working,card_payments
599,Should i reinstall the payment app?,contactless_not_working,card_payments
606,I would like to refill my account using SWIFT.,top_up_by_bank_transfer_charge,top_ups
610,Do I have to pay any fees in order to receive money?,top_up_by_bank_transfer_charge,top_ups
613,Will there be any charges for money received?,top_up_by_bank_transfer_charge,top_ups
618,What are the fees for top-ups?,top_up_by_bank_transfer_charge,top_ups
619,Will topping up by transfer lead to a charge on my account?,top_up_by_bank_transfer_charge,top_ups
627,Should I expect to be charged for topping up by transfer?,top_up_by_bank_transfer_charge,top_ups
628,Will I be charged for a SEPA transfer?,top_up_by_bank_transfer_charge,top_ups
633,Is a SWIFT transfer okay?,top_up_by_bank_transfer_charge,top_ups
638,Can you tell me the total cost of a transfer?,top_up_by_bank_transfer_charge,top_ups
639,can i do a transfer with swift,top_up_by_bank_transfer_charge,top_ups
643,there's a delay in my top-up,pending_top_up,top_ups
646,Could you explain why my top-up has gone through yet?,pending_top_up,top_ups
653,Can you look into my top up please.  I made it over three hours ago and yet it's still pending.,pending_top_up,top_ups
655,"What's going on with the top-up? All it says is pending, pending, pending! I use your service several times a week and have never had a problem before! What's going on here?",pending_top_up,top_ups
657,top-up is slow to process,pending_top_up,top_ups
659,"I topped up by card a while ago and it's still pending, surely it should be done by now?",pending_top_up,top_ups
661,top up did not complete,pending_top_up,top_ups
665,"Hi I'm a new customer and tried topping up for the first time today, seems it's not working, the thing shows up as pending since half an hour already! Please fix it!",pending_top_up,top_ups
669,What does it mean when my top up is saying  still pending?,pending_top_up,top_ups
679,"I tried topping up but my funds seem to be pending. I want to buy something right now, what do I do?",pending_top_up,top_ups
680,I made a transaction this morning and would like to revert it.,cancel_transfer,transfers
681,Can i cancel a charge?,cancel_transfer,transfers
685,I need you to cancel a transfer that I made.  It is the wrong account number and the app won't let me stop the transaction.  Please stop it!,cancel_transfer,transfers
687,I would like to revert a transaction I did this morning,cancel_transfer,transfers
689,How can I cancel a transfer?,cancel_transfer,transfers
695,Can I cancel a transfer,cancel_transfer,transfers
704,I made a mistake with a transaction!,cancel_transfer,transfers
709,How do i cancel my transaction?,cancel_transfer,transfers
710,My transaction needs to be canceled.,cancel_transfer,transfers
715,"My recent transfer needs to be cancelled immediately; it was a mistake, please can you cancel it before it goes through?",cancel_transfer,transfers
720,can you limit my top up?,top_up_limits,top_ups
722,Is there a top up limit for my account?,top_up_limits,top_ups
725,What are the restrictions to top-offs?,top_up_limits,top_ups
739,Can I top-up as much as I want?,top_up_limits,top_ups
743,What is the top-ups limit?,top_up_limits,top_ups
745,Is there a maximum amount of top-ups?,top_up_limits,top_ups
747,What's the top up limit?,top_up_limits,top_ups
751,what is the most i can top up?,top_up_limits,top_ups
757,Do you have any restrictions to my top-up?,top_up_limits,top_ups
759,What are the top-up limits?,top_up_limits,top_ups
761,I didn't get all the cash I requested for at the ATM,wrong_amount_of_cash_received,cash_atm
763,Why did I not get my cash back after I withdrew?,wrong_amount_of_cash_received,cash_atm
765,The amount of cash I received was incorrect,wrong_amount_of_cash_received,cash_atm
770,"The wrong amount of cash came out of the ATM today when I went to withdraw. When I looked at the app, it was showing it was much more.",wrong_amount_of_cash_received,cash_atm
771,I did not get as much cash as I requested at the ATM.,wrong_amount_of_cash_received,cash_atm
772,"How can I request cash back? The ATM just gave me the wrong amount, the app shows the amount that I've been actually charged though...",wrong_amount_of_cash_received,cash_atm
779,I tried to get $100 but I just got $20,wrong_amount_of_cash_received,cash_atm
780,I have not received the amount of cash i was supposed to.,wrong_amount_of_cash_received,cash_atm
782,Where is the money that I asked for? I asked for more than I got!,wrong_amount_of_cash_received,cash_atm
787,I didn't receive the right amount of cash back,wrong_amount_of_cash_received,cash_atm
816,I made a card payment and a fee is showing up?,card_payment_fee_charged,card_payments
819,Why would I be charged a fee for card payment?,card_payment_fee_charged,card_payments
824,So what items  actually come  with  extra  fees,card_payment_fee_charged,card_payments
825,How do I avoid getting charged a fee on my card?,card_payment_fee_charged,card_payments
829,Someone needs to make me aware when there are extra charges for payments. I happened to be looking at the app earlier and noticed a charge associated to a payment that was extra that no one made me aware of before at all.,card_payment_fee_charged,card_payments
830,Is using my card free?,card_payment_fee_charged,card_payments
832,What fees apply when using a card?,card_payment_fee_charged,card_payments
833,Why do you charge for payments? Why aren't your charges clearly laid out in the agreement?,card_payment_fee_charged,card_payments
834,Why was I charged a fee when I paid with card?,card_payment_fee_charged,card_payments
837,I was charged a fee for a card payment. Why?,card_payment_fee_charged,card_payments
841,My money transfer has not arrived.,transfer_not_received_by_recipient,transfers
847,I transferred money but the recipient says it has not arrived. Why would this be?,transfer_not_received_by_recipient,transfers
848,The transfer I did hasn't arrived,transfer_not_received_by_recipient,transfers
849,how long do money transfers take?,transfer_not_received_by_recipient,transfers
850,I transferred some money and it didint arrive,transfer_not_received_by_recipient,transfers
853,"I just finished sending money, but it's not logging on the recipient side.",transfer_not_received_by_recipient,transfers
862,"I'm having a problem with a money transfer.  I sent some money to a friend a couple of hours ago, and they haven't received it yet.  Why hasn't it gotten to them? How long do transfers need to go through?",transfer_not_received_by_recipient,transfers
865,My friend still hasn't gotten a transaction I made.,transfer_not_received_by_recipient,transfers
875,"How long do transfers need to come through? I sent some money to a friend, she needs it urgently, but seems it's still not there yet after a couple hours.",transfer_not_received_by_recipient,transfers
877,Why hasn't my recipient received their money?,transfer_not_received_by_recipient,transfers
881,"I need support options, I want to top my card",supported_cards_and_currencies,top_ups
889,can you tell me what cards and currencies you take?,supported_cards_and_currencies,top_ups
894,I would like to add money to my account through my American Express.,supported_cards_and_currencies,top_ups
897,What cards and currencies do you support?,supported_cards_and_currencies,top_ups
898,How do I transfer funds from my American Express into my account?,supported_cards_and_currencies,top_ups
905,Tell me which cards and what currency is supported.,supported_cards_and_currencies,top_ups
906,Do you support all cards and currencies?,supported_cards_and_currencies,top_ups
907,Which credit or debit cards can I use to top up?,supported_cards_and_currencies,top_ups
909,I just have one other card from the US. Is that okay?,supported_cards_and_currencies,top_ups
913,Can I use any currency to add money?,supported_cards_and_currencies,top_ups
927,Where is the virtual card?,getting_virtual_card,virtual_cards
931,Why did I not get a virtual card yet?,getting_virtual_card,virtual_cards
935,Is this where I order a virtual card?,getting_virtual_card,virtual_cards
939,Where can I order a virtual card?,getting_virtual_card,virtual_cards
941,I want a virtual card!,getting_virtual_card,virtual_cards
950,Please help me get a virtual card.,getting_virtual_card,virtual_cards
951,Can I order a virtual card?,getting_virtual_card,virtual_cards
953,Where are the virtual cards located?,getting_virtual_card,virtual_cards
957,Where can I get a virtual card?,getting_virtual_card,virtual_cards
959,Can I have one of the virtual cards?,getting_virtual_card,virtual_cards
963,It will be fine to use at any establishment that accepts Mastercard.,card_acceptance,card_payments
966,Are there any limits on where I can use my card?,card_acceptance,card_payments
974,What places will accept my card for payment?,card_acceptance,card_payments
975,Does this card work everywhere?,card_acceptance,card_payments
977,Where can I use my card?,card_acceptance,card_payments
984,Is it acceptable to use my card anywhere?,card_acceptance,card_payments
986,Where is my card accepted?,card_acceptance,card_payments
991,Can I make online purchases with my card?,card_acceptance,card_payments
992,Does every place of business accept this card?,card_acceptance,card_payments
997,Where am I able to use the card?,card_acceptance,card_payments
1000,My top-up was cancelled; will I receive a refund?,top_up_reverted,top_ups
1014,There appears to have been a reversion in my top up,top_up_reverted,top_ups
1015,The application reverted my top-up.,top_up_reverted,top_ups
1018,I topped up but the app reverted it,top_up_reverted,top_ups
1023,"When I topped up, the app reverted my funds.",top_up_reverted,top_ups
1024,What happened to where my top-up was canceled?,top_up_reverted,top_ups
1025,I tryed to make a top-up with cryptocurrency but the payment was referted.,top_up_reverted,top_ups
1032,My top-up was revoked.,top_up_reverted,top_ups
1034,The app reverted what I topped up.,top_up_reverted,top_ups
1038,On my last transaction it seem that my top-up was not successful.,top_up_reverted,top_ups
1043,"I don't know why the deposit I made a week ago still hasn't showed up, I really need the money now.",balance_not_updated_after_cheque_or_cash_deposit,statement_refunds
1044,I made a cash deposit almost a week ago but it's still not there!! please sort this out asap I need the money,balance_not_updated_after_cheque_or_cash_deposit,statement_refunds
1046,How can I get the cash deposit to show up on my account?,balance_not_updated_after_cheque_or_cash_deposit,statement_refunds
1047,When will I see the cash I deposited this morning as available?,balance_not_updated_after_cheque_or_cash_deposit,statement_refunds
1056,Are cheques accepted to my account? Mine didn't seem to work.,balance_not_updated_after_cheque_or_cash_deposit,statement_refunds
1062,My cash deposit from a week ago hasn't shown up. I need the money - how quickly can you sort this out?,balance_not_updated_after_cheque_or_cash_deposit,statement_refunds
1067,Why does my account not accept cash deposits?,balance_not_updated_after_cheque_or_cash_deposit,statement_refunds
1070,"A cheque deposit hasn't posted to my account, when will my balance update?",balance_not_updated_after_cheque_or_cash_deposit,statement_refunds
1071,I submitted a cash deposit to my account but it hasn't posted yet.,balance_not_updated_after_cheque_or_cash_deposit,statement_refunds
1072,I sent a cheque  a few days ago and nothing has happened to my account yet. Can you please check on this for me?,balance_not_updated_after_cheque_or_cash_deposit,statement_refunds
1083,There is a payment that is not mine in the app.  Please advise/,card_payment_not_recognised,card_payments
1085,I did not make this card payment.,card_payment_not_recognised,card_payments
1086,What should I do if I see a payment I didn't make?,card_payment_not_recognised,card_payments
1088,there is a transaction on my account that i didnt make,card_payment_not_recognised,card_payments
1089,I don't recall making that payment?,card_payment_not_recognised,card_payments
1093,Why would there be a payment on my account I don't recognize?,card_payment_not_recognised,card_payments
1096,Can you freeze my account?  I just saw there are transactions on my account that I don't recognize.  How can I fix this?,card_payment_not_recognised,card_payments
1097,There is a card payment I do not recognise.,card_payment_not_recognised,card_payments
1103,What should I do to get transactions off of my account if I didn't make them?  My card must have been compromised and I need to freeze it asap!,card_payment_not_recognised,card_payments
1113,There's a recent charge on my card that I know I didn't make because I've never seen the name before. Can we investigate this?,card_payment_not_recognised,card_payments
1123,My address needs to be revised.,edit_personal_details,account
1127,I want to change my personal details.,edit_personal_details,account
1129,I need to edit the personal details section of my account,edit_personal_details,account
1130,Where can I change my personal information after I move?,edit_personal_details,account
1138,I need to update my info.,edit_personal_details,account
1142,Where can I go to update my personal profile?,edit_personal_details,account
1148,I need to change my name since I got married,edit_personal_details,account
1151,Can I change my information?,edit_personal_details,account
1154,I want to change my name.,edit_personal_details,account
1158,How do I change my address?,edit_personal_details,account
1162,do I need to verify my identity every time I log into my account?,why_verify_identity,security_identity
1168,Why is identity verification mandatory?,why_verify_identity,security_identity
1169,Do I have to do an identity check?,why_verify_identity,security_identity
1170,I would like to not have to do the identity verification.,why_verify_identity,security_identity
1171,"Can I still use my account, even though the identity verification has not passed yet?",why_verify_identity,security_identity
1173,Why do you need so much information to verify my identity?,why_verify_identity,security_identity
1178,"May I use my account now, even though the identity verification has not gone through yet?",why_verify_identity,security_identity
1191,what is the identity check?,why_verify_identity,security_identity
1193,Do I need to verify my identity?,why_verify_identity,security_identity
1195,Can I use my account if the identity verification is not complete?,why_verify_identity,security_identity
1201,I do not have what is required to prove my identity,unable_to_verify_identity,security_identity
1202,Why doesn't the app believe I am who I say I am?,unable_to_verify_identity,security_identity
1203,I am having trouble verifying my identity.,unable_to_verify_identity,security_identity
1207,I'm having trouble verifying my ID.,unable_to_verify_identity,security_identity
1210,The app failed to verify my identity.,unable_to_verify_identity,security_identity
1217,I cannot prove my own identity.,unable_to_verify_identity,security_identity
1219,I can not get the app to know it is me.,unable_to_verify_identity,security_identity
1230,How long will it take for my ID to verify?,unable_to_verify_identity,security_identity
1231,Why am I not able to verify my id?,unable_to_verify_identity,security_identity
1236,The app won't let me log in as myself.,unable_to_verify_identity,security_identity
1241,Is the PIN delivered separately?,get_physical_card,card_setup
1242,I do not have my pin,get_physical_card,card_setup
1254,what is my card PIN,get_physical_card,card_setup
1256,About this card PIN?,get_physical_card,card_setup
1260,Does my PIN come with my card?,get_physical_card,card_setup
1261,Where can I find the card PIN?,get_physical_card,card_setup
1263,Is my PIN located on my account somewhere?,get_physical_card,card_setup
1270,Where can I find my PIN?,get_physical_card,card_setup
1273,Is PIN delivered separately?,get_physical_card,card_setup
1277,Where is the card PIN?,get_physical_card,card_setup
1283,Do you guys accept Visa or Mastercard?,visa_or_mastercard,card_setup
1295,May I choose between Visa and Mastercard?,visa_or_mastercard,card_setup
1299,Am I able to choose my card?,visa_or_mastercard,card_setup
1300,are both visa and mastercard available to me?,visa_or_mastercard,card_setup
1307,I'd like more information about choosing a Visa or Mastercard.,visa_or_mastercard,card_setup
1308,Do you have Visa or Matercard?,visa_or_mastercard,card_setup
1312,I would rather the Mastercard.,visa_or_mastercard,card_setup
1316,Is Visa or Mastercard available?,visa_or_mastercard,card_setup
1318,Do you use Mastercard or Visa?,visa_or_mastercard,card_setup
1319,Is it possible to get a Visa here?,visa_or_mastercard,card_setup
1320,How can I top up my account with a card?,topping_up_by_card,top_ups
1321,WHERE IS MY MONEY I WAS USING MY CARD AND IT DISAPPEARED,topping_up_by_card,top_ups
1332,how can i top up?,topping_up_by_card,top_ups
1341,Why isn't my top up showing on my wallet?,topping_up_by_card,top_ups
1345,Is it possible to use my credit card to transfer money?,topping_up_by_card,top_ups
1346,How can someone add money to my account?,topping_up_by_card,top_ups
1347,Cannot access my top up.,topping_up_by_card,top_ups
1352,How do i transfer money using my credit card?,topping_up_by_card,top_ups
1353,My friends want to top up my account,topping_up_by_card,top_ups
1356,I topped up my card but the money disappeared.,topping_up_by_card,top_ups
1361,Can I make many disposable cards per day?,disposable_card_limits,virtual_cards
1364,Can I have more than one disposable card?,disposable_card_limits,virtual_cards
1367,Do these virtual cards have any caps on using them?,disposable_card_limits,virtual_cards
1371,How many card payments can I use on a disposable card?,disposable_card_limits,virtual_cards
1377,How many disposable cards is the limit?,disposable_card_limits,virtual_cards
1381,How can I create many temporary cards daily?,disposable_card_limits,virtual_cards
1383,How many disposable cards can I make in a single day?,disposable_card_limits,virtual_cards
1384,Is there a limit to how many transactions I can make on one disposable card?,disposable_card_limits,virtual_cards
1396,What are the limits for disposable virtual cards?,disposable_card_limits,virtual_cards
1399,How many times can I use the disposable virtual card I have?,disposable_card_limits,virtual_cards
1406,"There are transactions I didn't make, someone else must have used my card.",compromised_card,security_identity
1412,How can I stop fraud on my account right now?,compromised_card,security_identity
1413,"I think my identity has been stolen, can you check on unauthorized charges?",compromised_card,security_identity
1424,"The transactions showing up are strange, I think my card was used without me knowing.",compromised_card,security_identity
1425,How do I freeze my account?,compromised_card,security_identity
1427,How do I freeze my card? I think someone is using it to make a bunch of online transactions.,compromised_card,security_identity
1431,"If I feel someone has my card information, can I get a new card?",compromised_card,security_identity
1433,I think someone has access to my card numbers that shouldn't.,compromised_card,security_identity
1436,I think someone copied the numbers on my card and is using them.,compromised_card,security_identity
1438,Can I use app to freeze my card and dispute fraud?,compromised_card,security_identity
1445,How do I know which ATMs will accept this card?,atm_support,cash_atm
1446,Which ATM's accept my card?,atm_support,cash_atm
1457,Which ATM's will accept my card?,atm_support,cash_atm
1460,Can I get cash with this card anywhere?,atm_support,cash_atm
1461,Which ATMs accept this card?,atm_support,cash_atm
1468,What ATMs can I withdraw money from?,atm_support,cash_atm
1469,"I want to withdraw money, where can I go?",atm_support,cash_atm
1476,Do you know the closest ATM?,atm_support,cash_atm
1477,Can I use this card at an ATM?,atm_support,cash_atm
1478,Is there places where I can't withdraw money?,atm_support,cash_atm
1481,There is a direct debit that's not mine.,direct_debit_payment_not_recognised,statement_refunds
1496,Unknown direct deposit,direct_debit_payment_not_recognised,statement_refunds
1498,There is a transaction from my account that I don't recognize can you trace back the information so I can make sure it's something I did or not?,direct_debit_payment_not_recognised,statement_refunds
1499,"A couple weeks ago some money was deducted from my account by some seller that I don't remember. I'm pretty sure I didn't do that, but is it possible to trace back who that is just to make sure?",direct_debit_payment_not_recognised,statement_refunds
1501,"I am seeing a weird payment showing up that I know I did not make, how can I get it cancelled?",direct_debit_payment_not_recognised,statement_refunds
1507,I have a direct debit charge that I do not recognize,direct_debit_payment_not_recognised,statement_refunds
1508,I didn't make this direct debit transaction,direct_debit_payment_not_recognised,statement_refunds
1512,I am concerned about the security in my account and would like to make a dispute.,direct_debit_payment_not_recognised,statement_refunds
1513,Why is there a direct debit I didn't make showing in the app?,direct_debit_payment_not_recognised,statement_refunds
1515,"I have a direct debit transaction I have not set up, but would like to .",direct_debit_payment_not_recognised,statement_refunds
1520,What do I do if I forget my passcode?  Because I did.,passcode_forgotten,security_identity
1525,My password isn't being accepted and I need to reset it.,passcode_forgotten,security_identity
1527,Something is wrong with my passcode,passcode_forgotten,security_identity
1530,Can I be given a new passcode?,passcode_forgotten,security_identity
1536,I need to reset my passcode. How do I do it?,passcode_forgotten,security_identity
1537,Show me please how to reset my passcode.,passcode_forgotten,security_identity
1538,Help me reset the passcode.,passcode_forgotten,security_identity
1543,I need help resetting my passcode to access my app.,passcode_forgotten,security_identity
1553,What should I do if I forgot my passcode?,passcode_forgotten,security_identity
1555,Tell me how to reset the passcode.,passcode_forgotten,security_identity
1560,Can you tell me why you won't let me get my own money out of the money machine? I know I used the right PIN.,declined_cash_withdrawal,cash_atm
1578,What are some reasons that would cause ATM machines to decline my card? It has happened to me multiple times!,declined_cash_withdrawal,cash_atm
1585,Why was my cash withdrawal declined?,declined_cash_withdrawal,cash_atm
1586,Why could I not get cash?,declined_cash_withdrawal,cash_atm
1587,why couldn't I get cash in the ATM?,declined_cash_withdrawal,cash_atm
1588,Why can't I get cash?,declined_cash_withdrawal,cash_atm
1593,I couldn't get cash at the atm,declined_cash_withdrawal,cash_atm
1594,"Oh my goodness, my card has been declined twice at ATM! I tried two different ATM, but each one declined my card! Can you tell me what's going on with my account?",declined_cash_withdrawal,cash_atm
1595,Why could I not choose cash at the ATM?,declined_cash_withdrawal,cash_atm
1597,Is there a reason that the ATM declined my transaction?,declined_cash_withdrawal,cash_atm
1600,"My card payment is still on hold, why is it so?",pending_card_payment,card_payments
1611,I am seeing pending from the card payment I made.,pending_card_payment,card_payments
1614,I am waiting for a payment to go through.,pending_card_payment,card_payments
1616,What is a pending payment?,pending_card_payment,card_payments
1617,I would like to know why my purchases from this morning are still pending.,pending_card_payment,card_payments
1618,Why is there a pending transaction on my card?,pending_card_payment,card_payments
1621,I made a purchase and it says it's pending. What does that mean?,pending_card_payment,card_payments
1626,"I was double charged, and the second charge is showing as ""pending"". How long will it be before I get my money back once the second charge has been refunded?",pending_card_payment,card_payments
1628,Why would I have a pending payment?,pending_card_payment,card_payments
1638,I have a pending payment in my account that I paid a while back ago and it still hasnt gone through. Why would it show pending for so long?,pending_card_payment,card_payments
1645,I can't find my phone.,lost_or_stolen_phone,security_identity
1656,My phone is not with me at the moment so I will not be able to access the app.,lost_or_stolen_phone,security_identity
1657,my phone was taken! can you place cancel my account so no one uses it,lost_or_stolen_phone,security_identity
1663,I was mugged and everything taken.  What do I do to protect my account?,lost_or_stolen_phone,security_identity
1667,I was mugged yesterday and they took everything.  I can't access my app.  What are my next steps?,lost_or_stolen_phone,security_identity
1669,"If I lost my phone, can someone use my account?",lost_or_stolen_phone,security_identity
1670,I am not able to use the app since I forgot my phone at the hotel I was staying at.,lost_or_stolen_phone,security_identity
1671,Someone stole my phone.,lost_or_stolen_phone,security_identity
1672,Someone stole my cards!,lost_or_stolen_phone,security_identity
1675,I lost my phone!,lost_or_stolen_phone,security_identity
1685,I need a refund on an item I have not received.  Am I able to simply cancel the payment?  I don't know how to do this.,request_refund,statement_refunds
1686,I would like a refund for something I bought,request_refund,statement_refunds
1687,I want to return an item.,request_refund,statement_refunds
1689,"I wasn't charged the correct amount for an item I purchased, how can I fix this?",request_refund,statement_refunds
1702,How do I cancel a previous purchase,request_refund,statement_refunds
1707,I would like a refund on one of your products that has been sold to me,request_refund,statement_refunds
1712,I am chatting about an order from a long while back.  I never got it to this day and am deeply upset by this!  I want all of my money back!  I just can not accept paying for something I never got.,request_refund,statement_refunds
1713,I bought this item and was charged the wrong amount can I get a refund?,request_refund,statement_refunds
1715,What's the refund process?,request_refund,statement_refunds
1716,I want a refund for my purchase,request_refund,statement_refunds
1726,"How can I fix my card, it got declined twice.",declined_transfer,transfers
1730,The card got declined twice when I tried to use it to buy something online yesterday.,declined_transfer,transfers
1732,Why did I get a transfer declined?,declined_transfer,transfers
1742,Why was the transfer declined?,declined_transfer,transfers
1744,My transfer got declined.,declined_transfer,transfers
1748,"I tried to make a transfer, but it was declined. Can you tell me why?",declined_transfer,transfers
1750,My transfer has been declined and I know it should have went through.,declined_transfer,transfers
1751,Double check your funds may be declined,declined_transfer,transfers
1753,"Why would my transfer be declined? I've checked that I've put in all the right details, but it is still declined.",declined_transfer,transfers
1754,I tried to buy something online yesterday but it kept saying declined. Tried again today but same thing happened. What's broken?,declined_transfer,transfers
1764,There's a refund missing from my statement,Refund_not_showing_up,statement_refunds
1767,How long does it take for a refund?,Refund_not_showing_up,statement_refunds
1772,Still waiting on a refund.,Refund_not_showing_up,statement_refunds
1775,I bought something and returned it and the money from the return isn't in my account.,Refund_not_showing_up,statement_refunds
1776,Do you have any idea on when I will receive my refund? I got my statement and it was not there.,Refund_not_showing_up,statement_refunds
1778,Where can I see the refund in my account,Refund_not_showing_up,statement_refunds
1780,I requested a refund from a merchant days ago but I do not see it in my account.,Refund_not_showing_up,statement_refunds
1790,"I did what you told me earlier and contacted the seller for a refund directly, but nothing is happening! It's been a week and I still haven't got anything. Please just give me back my money",Refund_not_showing_up,statement_refunds
1796,"I am waiting patiently for a week now for the seller to get back to me and there has been no response, could you please help me further with getting my money back.  Thank you.",Refund_not_showing_up,statement_refunds
1797,I would like some help getting a refund back from a seller. It still isn't showing up on my statement and I requested this a long time ago. I'm not sure why it's not returned yet. Can you assist me in getting this money back?,Refund_not_showing_up,statement_refunds
1804,"My payment has been declined, I thought this issue was fixed!",declined_card_payment,card_payments
1806,Why did it decline my payment?,declined_card_payment,card_payments
1811,My new card keeps getting declined. I was very excited to use it for the first time today. Why is this doing this?,declined_card_payment,card_payments
1815,I'm really stuck. I don't know why but my card payment has not gone through.,declined_card_payment,card_payments
1817,Do you know why my card payment did not work?,declined_card_payment,card_payments
1818,Something is wrong with my payment account since it has been declined,declined_card_payment,card_payments
1819,Why are you declining my payment? Everything was fine.,declined_card_payment,card_payments
1830,Why was my Payment declined,declined_card_payment,card_payments
1831,They declined my card payment.,declined_card_payment,card_payments
1835,My card didn't work in one of the shops.,declined_card_payment,card_payments
1841,How long for money transfer to show?,pending_transfer,transfers
1847,So the transfer finally worked but now it's been pending for quite a long time. How long do you expect me to wait for it? It's quite urgent,pending_transfer,transfers
1848,I had made a transfer but its still pending.,pending_transfer,transfers
1854,My transfer is still pending and I know the account numbers are correct.  Please help.,pending_transfer,transfers
1859,When will the transfer go through?,pending_transfer,transfers
1866,"I would like to know why my payment is still pending, can you help?",pending_transfer,transfers
1872,For how long will my transfer be pending?,pending_transfer,transfers
1877,My transfer hasn't gone through yet.,pending_transfer,transfers
1878,I am confused as to why my transfer could still be pending.,pending_transfer,transfers
1879,How long does it take for a money transfer to show?,pending_transfer,transfers
1881,"i want to close an account but im not sure about setting up a new one in the future, what do you recommend",terminate_account,account
1882,My account needs to be deleted.,terminate_account,account
1887,I want to close my account,terminate_account,account
1894,"This company is bad, please delete my account.",terminate_account,account
1896,I need your help in deleting my account.,terminate_account,account
1899,How do I get rid of my account ASAP?,terminate_account,account
1903,Please delete my account. I am not happy with the service from your company.,terminate_account,account
1905,I am sick of this damn company and want to close out my account.,terminate_account,account
1906,Please close my account. I am unsatisfied with your service.,terminate_account,account
1909,I want my account deleted!,terminate_account,account
1920,"What do I do if an ATM ""stole"" my card?",card_swallowed,cash_atm
1923,What do I do since the machine swallowed my card. I need one.,card_swallowed,cash_atm
1925,Atm took my card,card_swallowed,cash_atm
1929,How can I get my card out of the damn ATM?,card_swallowed,cash_atm
1932,The ATM machine stole my card.,card_swallowed,cash_atm
1939,ATM still has my card,card_swallowed,cash_atm
1943,I have a problem!  The ATM stole my card!,card_swallowed,cash_atm
1948,How do I retrieve a trapped card from a ATM?,card_swallowed,cash_atm
1949,"My card is stuck in the ATM, what can I do?",card_swallowed,cash_atm
1951,"If my card is trapped in the ATM, what do I do?",card_swallowed,cash_atm
1963,I would like to know why I was charged twice for my purchase.,transaction_charged_twice,card_payments
1965,Why was I chaged twice for the same thing?,transaction_charged_twice,card_payments
1966,Why is there more then one charge on my card I only paid for one not twice how can I fix this?,transaction_charged_twice,card_payments
1968,Why would I be charged more than once for the same transaction?,transaction_charged_twice,card_payments
1972,It appears that I am being double charged for some items that I have purchased this past week.  Please review and correct.,transaction_charged_twice,card_payments
1978,Why was I charged multiple times for the same thing?,transaction_charged_twice,card_payments
1981,Why am I being charged twice?,transaction_charged_twice,card_payments
1990,I see that I have been charged multiple times for the same transaction.,transaction_charged_twice,card_payments
1992,I have multiple charges on the same transaction.,transaction_charged_twice,card_payments
1998,I made a payment that got charged twice instead of once.,transaction_charged_twice,card_payments
2004,where to funds come from,verify_source_of_funds,statement_refunds
2007,I would like to see the source of my money.,verify_source_of_funds,statement_refunds
2008,Why do you need all this information about my Source of Funds?,verify_source_of_funds,statement_refunds
2014,What information do you need to verify my Source of Funds?,verify_source_of_funds,statement_refunds
2016,I need my funds verified.,verify_source_of_funds,statement_refunds
2022,Can I see that history on my funds and where they came from?,verify_source_of_funds,statement_refunds
2030,How can I see where my money comes from?,verify_source_of_funds,statement_refunds
2035,How can I check the source of my fund?,verify_source_of_funds,statement_refunds
2037,How do I become aware of where my funds come from?,verify_source_of_funds,statement_refunds
2039,What do I need to do to verify the source of my funds?,verify_source_of_funds,statement_refunds
2041,What is the wait time for a transfer from the US?,transfer_timing,transfers
2043,how soon will I see the transfer in my account?,transfer_timing,transfers
2052,When should I expect to see my transfer hit my account?,transfer_timing,transfers
2055,When does the money get transferred to my account,transfer_timing,transfers
2062,How many days until the money will be in my account?,transfer_timing,transfers
2064,What is the time frame for a transfer from the US?,transfer_timing,transfers
2070,What would the approximate delivery date be if I transferred something urgently to China?,transfer_timing,transfers
2071,I have to transfer something to China as fast as I can. How long will it take to arrive in China?,transfer_timing,transfers
2073,How long is it going to take for my funds to show in my account?,transfer_timing,transfers
2077,There is an important thing from China that I need to transfer. Approximately how long will this take?,transfer_timing,transfers
2080,I think my card payment has been stopped,reverted_card_payment?,card_payments
2084,Why was my payment cancelled?,reverted_card_payment?,card_payments
2088,Please explain to me the circumstances in which my card payment would be reverted?,reverted_card_payment?,card_payments
2099,I think my card payment had been return,reverted_card_payment?,card_payments
2104,Why has my card payment been reverted?,reverted_card_payment?,card_payments
2106,I bought something and the money appeared back into my account? Why?,reverted_card_payment?,card_payments
2108,"I'm not sure why my card payment was cancelled, can you find out why?",reverted_card_payment?,card_payments
2114,What happens if a merchant doesn't accept a payment?,reverted_card_payment?,card_payments
2115,There was a canceled payment for my card.,reverted_card_payment?,card_payments
2116,My transaction to pay for an item was returned to my account.,reverted_card_payment?,card_payments
2124,Can i change my PIN at the ATM?,change_pin,card_setup
2126,I would like to change my PIN but I am not currently in the country.,change_pin,card_setup
2131,Is there a location near me that i can change my PIN?,change_pin,card_setup
2133,I'd like to make a new PIN selection.,change_pin,card_setup
2134,How do I set a new pin?,change_pin,card_setup
2140,Am I able to change my PIN at any cash machines?,change_pin,card_setup
2150,"I am in Austria right now. I need to change my PIN ASAP, so can I still do this from here?",change_pin,card_setup
2154,I need a new PIN.,change_pin,card_setup
2155,Show me how to change my pin?,change_pin,card_setup
2157,What steps do I need to take to change my card PIN?,change_pin,card_setup
2160,I've tried numerous times to submit a transfer of funds. Why isn't it going through?,beneficiary_not_allowed,transfers
2161,I've transferred money before without issue but now I am encountering an error stating that it isn't possible. Why is that?,beneficiary_not_allowed,transfers
2163,I was unable to make a transfer to another account.,beneficiary_not_allowed,transfers
2165,Can you please help me with this exchange?  I am trying to get crypto and the app won't let me.,beneficiary_not_allowed,transfers
2179,The money would not transfer to a beneficiary.,beneficiary_not_allowed,transfers
2182,A transfer to an account was not allowed,beneficiary_not_allowed,transfers
2185,My transfer to beneficiary didn't go through,beneficiary_not_allowed,transfers
2186,Why isn't my transfer going through? I get a message saying it's not possible. I've had no issues in the past.,beneficiary_not_allowed,transfers
2191,"My beneficiary is not allowed, please may I have answer as to why this is?",beneficiary_not_allowed,transfers
2193,Why would i not be able to do a transfer to a beneficiary?,beneficiary_not_allowed,transfers
2203,Why was a charged just for transferring?,transfer_fee_charged,transfers
2205,What is the transfer fee charge?,transfer_fee_charged,transfers
2208,I am being charged a transfer fee aren't they free?,transfer_fee_charged,transfers
2211,Why am I being charged a fee for transferring money?,transfer_fee_charged,transfers
2214,"Hi,  Please help me, as i have transferred some amount but receiver did not get the same amount. He received a bit less. Due to this again i need to transfer the difference.   I have transferred money but beneficiary's account is credited with less amount. Now i have transfer the difference of the amount. I think there is some issue, could you please look into this.",transfer_fee_charged,transfers
2221,"My receipt shows an extra charge on my transfer, why is this?",transfer_fee_charged,transfers
2222,"I was charged a fee when making this transfer, and I don't think I should have been!",transfer_fee_charged,transfers
2223,"I sent out money, but was charged extra for transferring. Why?",transfer_fee_charged,transfers
2229,Why was my transfer charged fees?,transfer_fee_charged,transfers
2235,I transferred money and was charged and want to know why.,transfer_fee_charged,transfers
2241,How can I get paid in a different currency?,receiving_money,transfers
2242,Can I receive my salary in a currency other than what it is deposited in?,receiving_money,transfers
2252,Is GBP a supported currency?,receiving_money,transfers
2253,Do I need to establish I am paid in GBP before a transfer?,receiving_money,transfers
2264,How can my friend transfer money to me?,receiving_money,transfers
2265,Can my friends send me money?,receiving_money,transfers
2267,Can I use this account to receive my salary?,receiving_money,transfers
2273,How do I get my paycheck through this?,receiving_money,transfers
2274,can I transfer my salary if it's in a different currency?,receiving_money,transfers
2278,Can I get paid in another currency?,receiving_money,transfers
2283,"Fix your system. I can't make transfers, I've tried like 5 times already.",failed_transfer,transfers
2285,My transfer did not go through.,failed_transfer,transfers
2292,"I transferred my funds, why did it not go through?",failed_transfer,transfers
2293,Why has my transfer failed?,failed_transfer,transfers
2297,My transfer keeps failing and I just want to transfer the money can you please make it work?,failed_transfer,transfers
2299,Why would a transfer fail?,failed_transfer,transfers
2300,What are your policies for card transfers?,failed_transfer,transfers
2302,I tried to make a transfer but it failed,failed_transfer,transfers
2303,Why couldn't I complete a transfer?,failed_transfer,transfers
2315,can you tell me why my transfer failed?,failed_transfer,transfers
2322,How do I go forth on transferring money into my account?,transfer_into_account,transfers
2324,I don't understand the money transfer process.,transfer_into_account,transfers
2326,What do I need to do to transfer money into my account?,transfer_into_account,transfers
2328,Can I add funds to the card directly from my bank account?,transfer_into_account,transfers
2331,I would like to transfer some money from my other bank account into this one.,transfer_into_account,transfers
2344,CAN YOU EXPLAIN HOW TO TRANSFER MONEY INTO MY  ACCOUNT FOR ME?,transfer_into_account,transfers
2345,"I need to bank account transfer from another account into this one, what is the easiest way that can be done, and what information do i need?",transfer_into_account,transfers
2346,How do I transfer money to my account?,transfer_into_account,transfers
2347,How do I send my account money through transfer?,transfer_into_account,transfers
2357,I'm trying to transfer money into my account.,transfer_into_account,transfers
2367,Can I verify a top up?,verify_top_up,top_ups
2369,Why do you need code verification for my top up?,verify_top_up,top_ups
2379,How do I find the verification code for my top-up card?,verify_top_up,top_ups
2380,Why is it important to verify a top-up card?,verify_top_up,top_ups
2386,How is the top-up card verified?,verify_top_up,top_ups
2388,What is the importance of verifying the top-up?,verify_top_up,top_ups
2389,help me find the top-up card's verification code?,verify_top_up,top_ups
2391,Can I verify a top-up and what card is used?,verify_top_up,top_ups
2395,I cannot locate the verification code for my top-up card. Please help me.,verify_top_up,top_ups
2399,What is the necessity of verifying the top up?,verify_top_up,top_ups
2401,How many cards can I have for one account?,getting_spare_card,card_setup
2405,I need some spare physical cards.,getting_spare_card,card_setup
2413,I need to get some more physical cards.,getting_spare_card,card_setup
2414,"Would I be able to get another card for my account, so I could give one to my daughter?",getting_spare_card,card_setup
2415,What is the procedure for getting another card?,getting_spare_card,card_setup
2422,Where can I get a second card?,getting_spare_card,card_setup
2427,Am I allowed to give my daughter one of my cards to use?,getting_spare_card,card_setup
2431,How can I get a second card for my daughter?,getting_spare_card,card_setup
2435,When trying to get more than one card is there a extra amount that needs to be paid?,getting_spare_card,card_setup
2436,Is it possible to give a second card for this account to my daughter?,getting_spare_card,card_setup
2441,How do I top-up using cash?,top_up_by_cash_or_cheque,top_ups
2445,Is there an option to top up a with cheque?,top_up_by_cash_or_cheque,top_ups
2447,I'm looking for the cash deposit top up option but can't find it. Can you help me?,top_up_by_cash_or_cheque,top_ups
2452,Can I add to my account balance with a cheque?,top_up_by_cash_or_cheque,top_ups
2457,I'm looking for the option to top up by cheque.,top_up_by_cash_or_cheque,top_ups
2462,Can I use cash to top up my account?,top_up_by_cash_or_cheque,top_ups
2470,How do I deposit cash into my account?,top_up_by_cash_or_cheque,top_ups
2471,Why can't I top up with a cheque?,top_up_by_cash_or_cheque,top_ups
2472,Can I send a cheque to do my top ups?,top_up_by_cash_or_cheque,top_ups
2478,Can I submit a check or cash payment?,top_up_by_cash_or_cheque,top_ups
2482,What do you charge for physical cards?,order_physical_card,card_setup
2486,Send me a physical card,order_physical_card,card_setup
2488,Can I request a physical card?,order_physical_card,card_setup
2491,Do you ship cards to where I live?,order_physical_card,card_setup
2503,can I have a non virtual card?,order_physical_card,card_setup
2504,How do I get a physical card?,order_physical_card,card_setup
2509,What locations can a card be delivered to?,order_physical_card,card_setup
2514,"If I want a physical card, do I have to pay anything?",order_physical_card,card_setup
2517,What are the fees for a physical card?,order_physical_card,card_setup
2518,How do I get an actual card?,order_physical_card,card_setup
2520,Why is my disposable virtual card being denied?,virtual_card_not_working,virtual_cards
2521,My disposable virtual card doesn't seem to work,virtual_card_not_working,virtual_cards
2522,My disposable virtual card is broken.,virtual_card_not_working,virtual_cards
2525,Why is my virtual card is being declined?,virtual_card_not_working,virtual_cards
2526,Are there restrictions for my disposable card since it does not seem to be working?,virtual_card_not_working,virtual_cards
2537,"For some reason, the virtual card won't work for me.",virtual_card_not_working,virtual_cards
2539,How can I fix a problem where my virtual card is rejected?,virtual_card_not_working,virtual_cards
2540,My virtual card isn't working. What do I do?,virtual_card_not_working,virtual_cards
2546,My payments from my virtual card keep getting rejected.,virtual_card_not_working,virtual_cards
2549,My disposable virtual card is not working,virtual_card_not_working,virtual_cards
2562,I made a withdraw from the ATM this past holiday and it seems like a was charged too much. If I would have   known about these charges I wouldn't have made a withdraw.,wrong_exchange_rate_for_cash_withdrawal,cash_atm
2566,Why was the exchange rate wrong when I got cash,wrong_exchange_rate_for_cash_withdrawal,cash_atm
2571,Is there a fee for exchanging cash?,wrong_exchange_rate_for_cash_withdrawal,cash_atm
2574,"When I got cash, my exchange rate was wrong.",wrong_exchange_rate_for_cash_withdrawal,cash_atm
2583,"I need the right foreign money, at the right rate, at ATMs, when I go abroad.",wrong_exchange_rate_for_cash_withdrawal,cash_atm
2584,The conversion rate on the ATM that I used with foreign currency was wrong.,wrong_exchange_rate_for_cash_withdrawal,cash_atm
2585,why is the exchange rate for a Foreign ATM different,wrong_exchange_rate_for_cash_withdrawal,cash_atm
2587,I withdrew some cash out of the ATM over the holiday. It seems that I was charged some outrageous fees. I would not have done that had I been aware of these outrageous charges!,wrong_exchange_rate_for_cash_withdrawal,cash_atm
2597,I used the ATM machine to get money out for Holiday shopping and saw the outrageous charges. Why is that? I would not have used the ATM if I had known!,wrong_exchange_rate_for_cash_withdrawal,cash_atm
2598,The cash withdrawal exchange rate is not correct.,wrong_exchange_rate_for_cash_withdrawal,cash_atm
2606,I would like a temporary virtual card,get_disposable_virtual_card,virtual_cards
2607,How do the disposable cards work?,get_disposable_virtual_card,virtual_cards
2610,Can you explain the disposable cards to me?,get_disposable_virtual_card,virtual_cards
2614,What do I do to get a disposable virtual card?,get_disposable_virtual_card,virtual_cards
2618,May I get a disposable virtual card as well?,get_disposable_virtual_card,virtual_cards
2620,I would like to create a disposable virtual card. How do I go about doing that?,get_disposable_virtual_card,virtual_cards
2623,What is the process of obtaining a disposable virtual card,get_disposable_virtual_card,virtual_cards
2629,"I need a disposable virtual card, how do I get one?",get_disposable_virtual_card,virtual_cards
2631,Is there a disposable virtual card I can order?,get_disposable_virtual_card,virtual_cards
2637,how many transactions can i make with a disposable card,get_disposable_virtual_card,virtual_cards
2640,The app denied my topped up.,top_up_failed,top_ups
2643,"So, I tried topping up my card for the today. Unfortunately, it failed. A couple of days back I used it and it works fine. Can you double check and tell me what's going on?",top_up_failed,top_ups
2650,How can I check to see if my top-up worked?,top_up_failed,top_ups
2654,Why caused my top up to not work?,top_up_failed,top_ups
2655,Why did my top up not work?,top_up_failed,top_ups
2659,I topped up but the app did not accept it.,top_up_failed,top_ups
2661,I think my top up did not work,top_up_failed,top_ups
2664,can you check why I wasn't able to top up?,top_up_failed,top_ups
2676,How do I know if my top up was unsuccessful?,top_up_failed,top_ups
2678,why isnt top up working,top_up_failed,top_ups
2680,I made a transfer a few hours ago from a UK banking account.  I do not yet see the transfer.  Please check on this for me.,balance_not_updated_after_bank_transfer,transfers
2682,How long will it take for my transferred money to show up?,balance_not_updated_after_bank_transfer,transfers
2683,Why didn't my balance change after I transferred some money?,balance_not_updated_after_bank_transfer,transfers
2688,I didn't get the money I transferred,balance_not_updated_after_bank_transfer,transfers
2703,Why don't I have my transfer?,balance_not_updated_after_bank_transfer,transfers
2704,Why isn't the transfer on my account showing up?,balance_not_updated_after_bank_transfer,transfers
2705,The  money I transferred does not show in the balance.,balance_not_updated_after_bank_transfer,transfers
2710,"I made a bank transfer a couple of hours ago from my UK account.  It hasn't appeared, can you check to make sure it went through?",balance_not_updated_after_bank_transfer,transfers
2711,My transfer is pending.,balance_not_updated_after_bank_transfer,transfers
2714,I made a bank transfer and my account balance did not show it.,balance_not_updated_after_bank_transfer,transfers
2722,I just lost my wallet and I see that they are already withdrawing money from my account. How can I stop this?,cash_withdrawal_not_recognised,cash_atm
2724,My app shows some cash I didn't get.,cash_withdrawal_not_recognised,cash_atm
2725,Why is there a random withdrawal in my app?,cash_withdrawal_not_recognised,cash_atm
2731,I see a cash withdrawal that I did not perform.,cash_withdrawal_not_recognised,cash_atm
2736,I am seeing in the App a some cash withdrawal that its not mine,cash_withdrawal_not_recognised,cash_atm
2744,There is a odd withdrawal on my account.,cash_withdrawal_not_recognised,cash_atm
2754,"Someone has stolen my card. Even though I have my card with me, someone just made a 500£ cash withdrawal. Please help as soon as possible.",cash_withdrawal_not_recognised,cash_atm
2757,There is an ATM withdrawl in the app I don't recognize.,cash_withdrawal_not_recognised,cash_atm
2758,A cash withdrawal is showing up that I didn't do.,cash_withdrawal_not_recognised,cash_atm
2759,The app made a mistake and said I made a cash withdrawal.,cash_withdrawal_not_recognised,cash_atm
2761,whats your exchange rate,exchange_charge,exchange
2765,"My work sends me all over the world, can I get a discount for all the money I have to exchange?",exchange_charge,exchange
2768,How much does it cost to exchange currencies?,exchange_charge,exchange
2771,Is there a fee to exchange foreign money?,exchange_charge,exchange
2776,"How much is a cross currency exchange, and can I check to see if I have any discounts available?",exchange_charge,exchange
2778,How much do I have to pay for the exchange fee?,exchange_charge,exchange
2781,I was wondering if there were any discounts offered for frequent currency exchanges?,exchange_charge,exchange
2782,Would I be charged for exchanging currencies?,exchange_charge,exchange
2787,"When I travel, what will it cost to switch for my currency?",exchange_charge,exchange
2790,Are there extra charges for exchanging currency?,exchange_charge,exchange
2801,Are there any fees for adding money with an international card?,top_up_by_card_charge,top_ups
2804,Will I get charged for topping off my card?,top_up_by_card_charge,top_ups
2818,Will there be any extra fees for European bank card for top up?,top_up_by_card_charge,top_ups
2819,Will I be charged if I use European bank card for top up?,top_up_by_card_charge,top_ups
2820,I want to use a European bank card for a top up. Must I pay?,top_up_by_card_charge,top_ups
2822,Is there a fee for topping up,top_up_by_card_charge,top_ups
2827,"When using a US card, what is the cost for a top up/off?",top_up_by_card_charge,top_ups
2833,Is there a charge or discount if I use a European bank in a top up?,top_up_by_card_charge,top_ups
2837,Are there any extra fees for adding money into the international card?,top_up_by_card_charge,top_ups
2838,What are the fees for top ups?,top_up_by_card_charge,top_ups
2840,Could you please activate my card,activate_my_card,card_setup
2841,I need to activate my card can you do that now?,activate_my_card,card_setup
2845,How long will it take to activate my new card?,activate_my_card,card_setup
2851,What is the process of card activation?,activate_my_card,card_setup
2852,WHAT CAN I DO AFTER THE CARD MISSING,activate_my_card,card_setup
2857,"Please, activate my card",activate_my_card,card_setup
2864,Activating my card,activate_my_card,card_setup
2871,What is the process for activating my card?,activate_my_card,card_setup
2872,How do I use my new card?,activate_my_card,card_setup
2875,"I would like to activate my card to use now, can you help me?",activate_my_card,card_setup
2880,I see some fees for cash withdraw.,cash_withdrawal_charge,cash_atm
2882,Why am I being charged when I withdraw cash?,cash_withdrawal_charge,cash_atm
2884,Why are fees charged on cash withdrawals? I went to withdraw some money earlier today after shopping. There's a fee that wasn't there before.,cash_withdrawal_charge,cash_atm
2887,"Do ATM cash withdrawals carry a charge now? They've been free in the past, but all of a sudden I have to pay to make ATM withdrawals?",cash_withdrawal_charge,cash_atm
2888,Why is there an extra charge for money that was withdrawn?,cash_withdrawal_charge,cash_atm
2904,Why did I get charged a fee when I tried to obtain cash?,cash_withdrawal_charge,cash_atm
2907,I was charged extra for a withdrawal,cash_withdrawal_charge,cash_atm
2909,"I thought cash withdrawals were free? Why have I been charged a fee? Also, how much is this fee?",cash_withdrawal_charge,cash_atm
2914,I took cash and got charged a fee,cash_withdrawal_charge,cash_atm
2919,Why is there a fee for withdrawing?,cash_withdrawal_charge,cash_atm
2920,Am I able to order a new card and have it sent to me in China?,card_about_to_expire,card_setup
2925,"My card's expiring, what happens now?",card_about_to_expire,card_setup
2926,My card is about to expire. What do I need to do?,card_about_to_expire,card_setup
2928,What do I do if my card is expiring soon?,card_about_to_expire,card_setup
2929,How much does it cost to get a new card?  Mine is almost expired.  How fast does it come?,card_about_to_expire,card_setup
2930,"Since my card is about to expire, what do I do to get a new one?",card_about_to_expire,card_setup
2933,What is the next step if my card is about to expire.,card_about_to_expire,card_setup
2935,"I need a new card, my current card is nearly expired.",card_about_to_expire,card_setup
2936,"It appears my card expires next month, can I order a new one?",card_about_to_expire,card_setup
2953,My card is about to expire.,card_about_to_expire,card_setup
2964,Can I use my Apple Watch to to top up?,apple_pay_or_google_pay,card_payments
2965,Does Apple Pay give the option to top up?,apple_pay_or_google_pay,card_payments
2966,Top up on my Google Pay isn't working.,apple_pay_or_google_pay,card_payments
2972,"I received my American Express card, but I am having problems making it work with Apple pay.  Can you help me with this problem?",apple_pay_or_google_pay,card_payments
2973,is apple pay eligible for top up,apple_pay_or_google_pay,card_payments
2983,Can I use my American Express stored in Apple Pay to top up?,apple_pay_or_google_pay,card_payments
2988,I got my American Express in Apple Bay but top up is not working,apple_pay_or_google_pay,card_payments
2994,How do I get the Top Up feature on my apple watch working?,apple_pay_or_google_pay,card_payments
2995,How do I troubleshoot Google pay top up?,apple_pay_or_google_pay,card_payments
2999,"Google pay and top up, I want it, can I get it?",apple_pay_or_google_pay,card_payments
3000,What can I use to verify my identify?,verify_my_identity,security_identity
3005,What do you need for my identity check?,verify_my_identity,security_identity
3007,Is there a specific type you need for identity verification?,verify_my_identity,security_identity
3011,What do I need to verify my identity,verify_my_identity,security_identity
3016,What kind of documents do I need for the identity check?,verify_my_identity,security_identity
3019,What are the steps to verify my identity?,verify_my_identity,security_identity
3023,Can I verify my identity online?,verify_my_identity,security_identity
3024,do the details of my profile have to match my documents,verify_my_identity,security_identity
3030,What can I do to verify my identity?,verify_my_identity,security_identity
3036,Is there any documentation needed for the identity check?,verify_my_identity,security_identity
3049,Can I get one of your cards in the EU,country_support,account
3050,Can I get a card despite the fact I'm not in the UK?,country_support,account
3053,how do i get a card if i am in the usa,country_support,account
3054,"Please help me get a new card, I reside in the United States.",country_support,account
3056,Is my country supported,country_support,account
3062,What countries do you support?,country_support,account
3068,Do you have a list of countries you operate in?,country_support,account
3073,What countries do you currently do business in?,country_support,account
3077,What countries do you do business in?,country_support,account
3078,What are the countries you operate in.,country_support,account
