id,source_id,subject,body,gold
e01,3.1173850.KN5YQ43GT5123H3TKRWP1VE5KSHMR4SIA,NOPR on GISB Standards,"The FERC issued a NOPR on December 20, proposing to adopt version 1.5 of the GISB standards (RM96-1-020).

In addition to the usual comments, the FERC is requesting comments on whether they should adopt the revisions to the capacity release timeline (5.3.2).  I spoke with [colleague].  I feel we should comment in favor of adopting 5.3.2.  The timing is preferable to the FERC's findings in the CIG order, etc.  Parties such as the LDCs ([colleague]) may see this as an opportunity to renege on the consensus agreements made in GISB.

Most of the pipeline EC reps are still out for the holidays -- I haven't been able to find out whether they will comment.  I'll work on this next week.

The FERC is also proposing to eliminate existing section 284.12(a), which deals with EBBs.  They've noted this is clean-up of the regulations.  Similar requirements for Internet communications are contained in other regs.  I'll check the regs and let you know what I find.  There probably won't be any need to comment on this.

Comments are due February 1.  [colleague] will coordinate our comments.  I'll work with her.  Implementation date is three months after a final rule is issued.

Thanks,
[colleague]",yes
e02,3.51694.CEZL3SNUV0F42U0WILMOPIPTPC1DDBJNB,Re: DRAFT of materials for Governor,"1st Comments from Scott

We are missing:

Positive spin at front
Governor Davis is committed to solving the California energy crisis by:
Developing consumer driven solutions
Protecting customers from short term market aberrations
Continuing to expand the consumers ability to choose
We are missing thoughtful Orderly Process
Maintain 1890 in interim
All customers treated the same
Would replace ""maintain a reliable distribution network"" with ""assure 
investment community""
Assurances around forward purchases
Assurances around prudent purchases to keep lights
Assurances, if needed through increases, via tax refundable.
Maintain AB1890 until orderly process arrives with better solution
Would drop specifics arount rate increase. 

More to come......",yes
e03,3.52037.OTT3SJCVRYSWYIIPRR1IEMZGZPXBX1DZA,Re: Possible Messages on Legislation in California,"since the siting legislation created only a program that is voluntary and not 
in place of the existing laws, and we have a committment from the 
legislature, the CEC and the govenor's office to take another shot in 
January, as they know that this legislation is flawed, too many conflicting 
interests trying to solve a complex problem in too short a time, I feel this 
is too harsh...we have already started the process of creating new 
legislation, that will be as close to a consensus as possible for next 
session..this legislation did not hurt us, and, some companies feel that they 
can use the processes.  We have to keep in mind that with the knowledge that 
there will be major reorganization legislation next year, we don't want to 
offend the friends that we have in Sacramento, particularly the Republicans 
who were the ones who insisted on an expedited siting bill",yes
e04,3.53660.H5F2Y5KJAVINZ5D332FJU4T4CHVTHQVFB,Electricity hearing in California,"The Commerce Committee will be holding a field hearing on electricity issues 
in California on the morning of September 11.  We have requested to be a 
witness.  [colleague] would like to know who will make the arrangements and who 
will write the testimony.  Thanks.",yes
e05,3.50288.LQ04UO3CAIN2RPN3DD2VZKRFD504WUA5B,Rate relif bill passed,"A rate payer relief bill  passed AB 1156 which would 
transfer $150,000,000 from the general fund  to a subaccount within the 
Special Fund for Economic Uncertainties.  
would appropriate those funds from the subaccount, to the commission, to 
reduce the adverse impact of high-cost wholesale energy purchases on certain 
ratepayers if a specified rate ceiling is in effect, and if the commission 
determines that a specified revenue shortfall would result in a ratepayer 
surcharge greater than 10%, and the electricity rates were directly linked to 
Power Exchange costs.  
declare that, on January 1, 2004, any remaining balance in the account would 
revert to the General Fund.
become operative only if AB 265 is enacted, as specified.
 take effect immediately as an urgency statute.  
Attached is the bill
http://info.sen.ca.gov/pub/bill/asm/ab_1151-1200/ab_1156_bill_20000830_amended
_sen.pdf",no
e06,3.51061.PEALLKY25MYGHZ5I2QMTPROT324JRGC4B,Regulatory Strategy,"[colleague] has asked that [colleague] and myself represent our area in 
developing EGA regulatory hedge strategies where EES has taken a  significant 
retail position.  I have met with the Utility Risk Management folks to let 
them know we will help develop and execute strategies.  Some of the goals the 
URM desk has set for themselves includes regulatory participation.  We may be 
able to draw from them resources if needed.  I know all of you have been part 
of ongoing strategy development/execution so I just wanted to let you know 
what we are doing on this end.  Government Affairs Support (that would be 
[colleague] et. al.) has put together a business plan for EES support which 
includes some recurring reporting and utility tariff (rate schedule) 
analysis.  [colleague] will be presenting some of this info next week.  Just a 
heads-up.",no
e07,3.51229.APIV5S4F4V22SV3EMYTUBYJYACD2FOSEB,Re: CA legislature,"can't wait.

my last trip was planned a day in advance. I promise to give you more notice next time. I expect I'll be in CA a LOT next year with all the activity going on out there. You'll have a chance to buy me at least one meal.",no
e08,3.156745.B43MQBBIBE4DM1SRTYU3HLJKIUOCRBGVB,SI is back up and running,"Thank you for your patience.  Sent by ISO Market Operations.  Any questions,
please call the Day-Ahead desk.",no
