qid,row_id,state_hash,verdict,label,reviewer,at,kind
same,10101~90106210,567a2183770a94ce,labeled,yes,panel:opus+sonnet+sonnet,2026-09-26T23:01:18+00:00,disputed
same,13155~90109367,222196145ab7e38f,labeled,yes,panel:opus+sonnet+sonnet,2026-09-26T23:01:18+00:00,disputed
same,13700~90111702,db284168b5b401a9,labeled,no,panel:opus+sonnet+sonnet,2026-09-26T23:01:18+00:00,disputed
same,13701~90108521,4bd8dab1634e1233,labeled,no,panel:opus+sonnet+sonnet,2026-09-26T23:01:18+00:00,disputed
same,13945~207544306,f69dead3c1a7435d,labeled,yes,panel:opus+sonnet+sonnet,2026-09-26T23:01:18+00:00,disputed
same,13996~206722262,989ee55f73d96b2b,labeled,no,panel:opus+sonnet+sonnet,2026-09-26T23:01:18+00:00,audit
same,14070~203162678,fb373874b75648a6,labeled,no,panel:opus+sonnet+sonnet,2026-09-26T23:01:18+00:00,disputed
same,14563~205106045,6715161a5e4ca773,needs_context,,panel:opus+sonnet+sonnet,2026-09-26T23:01:18+00:00,disputed
same,16000~208156877,564b2e0b4f19df1b,labeled,no,panel:opus+sonnet+sonnet,2026-09-26T23:01:18+00:00,audit
same,16000~208226457,a87e9c328a14cc14,labeled,yes,panel:opus+sonnet+sonnet,2026-09-26T23:01:18+00:00,disputed
same,16329~210521578,4aa6566dd547b861,labeled,yes,panel:opus+sonnet+sonnet,2026-09-26T23:01:18+00:00,disputed
same,16668~90131941,88bbf064b0361270,labeled,no,panel:opus+sonnet+sonnet,2026-09-26T23:01:18+00:00,audit
same,16741~203151930,4934dcd5123662b2,needs_context,,panel:opus+sonnet+sonnet,2026-09-26T23:01:18+00:00,disputed
same,17067~203396159,0b86c865c3b9baae,labeled,no,panel:opus+sonnet+sonnet,2026-09-26T23:01:18+00:00,audit
same,17094~203151930,1f36c8e2275a4d9c,needs_context,,panel:opus+sonnet+sonnet,2026-09-26T23:01:18+00:00,audit
same,17417~90120953,648dcc33d67e6315,labeled,yes,panel:opus+sonnet+sonnet,2026-09-26T23:01:18+00:00,disputed
same,17653~10382243,51f146b55c39e4ce,labeled,yes,panel:opus+sonnet+sonnet,2026-09-26T23:01:18+00:00,disputed
same,18040~203151779,d7209bbe06bfda91,labeled,no,panel:opus+sonnet+sonnet,2026-09-26T23:01:18+00:00,disputed
same,18040~206639246,ec719957f832cec8,labeled,no,panel:opus+sonnet+sonnet,2026-09-26T23:01:18+00:00,audit
same,18202~203347464,a0bd3730cca9c232,labeled,no,panel:opus+sonnet+sonnet,2026-09-26T23:01:18+00:00,disputed
same,18567~208456203,5cdb751d27276215,labeled,yes,panel:opus+sonnet+sonnet,2026-09-26T23:01:18+00:00,disputed
same,18970~202045862,64781d483dcfe483,labeled,yes,panel:opus+sonnet+sonnet,2026-09-26T23:01:18+00:00,disputed
same,20454~203514305,788d2e209d600639,labeled,no,panel:opus+sonnet+sonnet,2026-09-26T23:01:18+00:00,audit
same,20458~201692677,df68ed66baf00265,labeled,no,panel:opus+sonnet+sonnet,2026-09-26T23:01:18+00:00,disputed
same,20459~201692648,f21b2b7029bcde2d,labeled,no,panel:opus+sonnet+sonnet,2026-09-26T23:01:18+00:00,disputed
same,21989~204274644,57a2aa5134bcb43d,labeled,no,panel:opus+sonnet+sonnet,2026-09-26T23:01:18+00:00,audit
same,22042~206780877,0454456a5739ddfb,labeled,no,panel:opus+sonnet+sonnet,2026-09-26T23:01:18+00:00,audit
same,22101~201953039,0e386431563d6f72,labeled,yes,panel:opus+sonnet+sonnet,2026-09-26T23:01:18+00:00,audit
same,22727~202619749,d30ec754a2ec74b6,labeled,yes,panel:opus+sonnet+sonnet,2026-09-26T23:01:18+00:00,audit
same,22729~207514567,635a40ff86c58664,labeled,no,panel:opus+sonnet+sonnet,2026-09-26T23:01:18+00:00,audit
same,23350~50009858,469b104b810eeade,ambiguous,,panel:opus+sonnet+sonnet,2026-09-26T23:01:18+00:00,disputed
same,23519~208456215,60d5c3f38e61c554,needs_context,,panel:opus+sonnet+sonnet,2026-09-26T23:01:18+00:00,disputed
same,23658~209700735,0ff38fdeed73b981,labeled,no,panel:opus+sonnet+sonnet,2026-09-26T23:01:18+00:00,audit
same,24034~202635467,ee77fde14a498d90,labeled,no,panel:opus+sonnet+sonnet,2026-09-26T23:01:18+00:00,audit
same,24153~208715855,19ca6a007ede9d61,labeled,yes,panel:opus+sonnet+sonnet,2026-09-26T23:01:18+00:00,disputed
same,24316~204792884,db1b517391a26afc,labeled,no,panel:opus+sonnet+sonnet,2026-09-26T23:01:18+00:00,audit
same,24346~208972043,944772d186dce9f3,labeled,yes,panel:opus+sonnet+sonnet,2026-09-26T23:01:18+00:00,audit
same,24368~207465595,8ac9c53e99cda1f7,labeled,no,panel:opus+sonnet+sonnet,2026-09-26T23:01:18+00:00,audit
same,24571~202537969,7e517263ba2ebc8b,labeled,no,panel:opus+sonnet+sonnet,2026-09-26T23:01:18+00:00,audit
same,24615~203340555,263ed4ec86c67dda,labeled,yes,panel:opus+sonnet+sonnet,2026-09-26T23:01:18+00:00,audit
same,24648~203491687,43b4d4f6408456f6,needs_context,,panel:opus+sonnet+sonnet,2026-09-26T23:01:18+00:00,disputed
same,24789~203017911,bf3550e8896eead7,labeled,yes,panel:opus+sonnet+sonnet,2026-09-26T23:01:18+00:00,disputed
same,25113~207910387,369a060aa8c35910,ambiguous,,panel:opus+sonnet+sonnet,2026-09-26T23:01:18+00:00,disputed
same,25136~210399745,53b6e161e34e21a7,labeled,no,panel:opus+sonnet+sonnet,2026-09-26T23:01:18+00:00,audit
same,25318~203017912,16a1bfbee767eb45,labeled,no,panel:opus+sonnet+sonnet,2026-09-26T23:01:18+00:00,audit
same,25413~10382243,fd14c958e7d49e64,labeled,no,panel:opus+sonnet+sonnet,2026-09-26T23:01:18+00:00,audit
same,25813~202973389,0f12fc08a03a0d3d,labeled,yes,panel:opus+sonnet+sonnet,2026-09-26T23:01:18+00:00,disputed
same,25814~203900180,5631b4a8205f9661,labeled,no,panel:opus+sonnet+sonnet,2026-09-26T23:01:18+00:00,disputed
same,25829~202827684,6c249893963f4f53,labeled,yes,panel:opus+sonnet+sonnet,2026-09-26T23:01:18+00:00,disputed
same,25857~202870184,9f59cbcceffa4199,labeled,no,panel:opus+sonnet+sonnet,2026-09-26T23:01:18+00:00,audit
same,26617~201692695,08869a006a5418ec,ambiguous,,panel:opus+sonnet+sonnet,2026-09-26T23:01:18+00:00,disputed
same,26930~205467942,97d7a10e2cefb270,labeled,no,panel:opus+sonnet+sonnet,2026-09-26T23:01:18+00:00,audit
same,27091~205664973,e85de508daa213b9,labeled,no,panel:opus+sonnet+sonnet,2026-09-26T23:01:18+00:00,audit
same,27186~204292477,7fabd88a349cd725,labeled,no,panel:opus+sonnet+sonnet,2026-09-26T23:01:18+00:00,disputed
same,27188~204292473,9b02efe6e9dee804,labeled,yes,panel:opus+sonnet+sonnet,2026-09-26T23:01:18+00:00,disputed
same,27194~208464828,de17edf62c2851ae,labeled,no,panel:opus+sonnet+sonnet,2026-09-26T23:01:18+00:00,audit
same,27391~204791586,3f4090b2c7325e1a,labeled,no,panel:opus+sonnet+sonnet,2026-09-26T23:01:18+00:00,audit
same,27407~203930685,c9aabf445f87fa3f,labeled,yes,panel:opus+sonnet+sonnet,2026-09-26T23:01:18+00:00,audit
same,27779~205844282,aa3241551c6de8cb,labeled,no,panel:opus+sonnet+sonnet,2026-09-26T23:01:18+00:00,audit
same,27964~203131413,57d73f394b2c0531,labeled,no,panel:opus+sonnet+sonnet,2026-09-26T23:01:18+00:00,audit
same,27964~208114682,6803591f26df09ae,labeled,no,panel:opus+sonnet+sonnet,2026-09-26T23:01:18+00:00,audit
same,27965~208114686,bf52e2e7abef70fa,labeled,no,panel:opus+sonnet+sonnet,2026-09-26T23:01:18+00:00,audit
same,27985~204740191,eaf9fc5f0d01c061,labeled,yes,panel:opus+sonnet+sonnet,2026-09-26T23:01:18+00:00,disputed
same,28971~204679144,ccb1bdb38031f5dd,labeled,yes,panel:opus+sonnet+sonnet,2026-09-26T23:01:18+00:00,disputed
same,29758~201692695,0b8c50dc5de397f7,labeled,no,panel:opus+sonnet+sonnet,2026-09-26T23:01:18+00:00,disputed
same,29816~208085182,a5c149a03573b94a,labeled,no,panel:opus+sonnet+sonnet,2026-09-26T23:01:18+00:00,audit
same,29825~205985716,42d22f84265dcf63,needs_context,,panel:opus+sonnet+sonnet,2026-09-26T23:01:18+00:00,disputed
same,29827~205664964,904c26b4cc17b7b2,needs_context,,panel:opus+sonnet+sonnet,2026-09-26T23:01:18+00:00,disputed
same,29827~205664966,3b9608649a29acd7,needs_context,,panel:opus+sonnet+sonnet,2026-09-26T23:01:18+00:00,disputed
same,29827~205985716,28763ce6f6737d75,needs_context,,panel:opus+sonnet+sonnet,2026-09-26T23:01:18+00:00,disputed
same,29829~205664966,c2c54678ea9f9579,needs_context,,panel:opus+sonnet+sonnet,2026-09-26T23:01:18+00:00,disputed
same,29829~205985716,e8160d0e19463b31,needs_context,,panel:opus+sonnet+sonnet,2026-09-26T23:01:18+00:00,disputed
same,29865~205664972,422c2b604327b748,labeled,no,panel:opus+sonnet+sonnet,2026-09-26T23:01:18+00:00,disputed
same,29865~205664973,d224e544c57376fd,labeled,yes,panel:opus+sonnet+sonnet,2026-09-26T23:01:18+00:00,disputed
same,29866~205664973,dfe209b6e653d483,labeled,no,panel:opus+sonnet+sonnet,2026-09-26T23:01:18+00:00,disputed
same,30058~209028436,0cf1d096e25c817d,labeled,no,panel:opus+sonnet+sonnet,2026-09-26T23:01:18+00:00,disputed
same,30159~90140166,27824b041c914d76,labeled,no,panel:opus+sonnet+sonnet,2026-09-26T23:01:18+00:00,audit
same,30603~202537967,7c96f6973c8580db,labeled,no,panel:opus+sonnet+sonnet,2026-09-26T23:01:18+00:00,audit
same,30708~205083947,2caa922e11308dc3,labeled,yes,panel:opus+sonnet+sonnet,2026-09-26T23:01:18+00:00,disputed
same,31032~210251970,174c9643c7bcd176,labeled,yes,panel:opus+sonnet+sonnet,2026-09-26T23:01:18+00:00,disputed
same,31176~207390665,2d3a11992e286314,labeled,no,panel:opus+sonnet+sonnet,2026-09-26T23:01:18+00:00,audit
same,31392~209301534,37ae3a9985a95291,labeled,no,panel:opus+sonnet+sonnet,2026-09-26T23:01:18+00:00,audit
same,31596~203340555,4810864e74c1f493,labeled,no,panel:opus+sonnet+sonnet,2026-09-26T23:01:18+00:00,disputed
same,31596~207502093,17460a8c4c985549,labeled,no,panel:opus+sonnet+sonnet,2026-09-26T23:01:18+00:00,audit
same,32033~204787802,acf06110599fda55,labeled,no,panel:opus+sonnet+sonnet,2026-09-26T23:01:18+00:00,audit
same,32059~205131849,47afd1e1d8b42d99,labeled,yes,panel:opus+sonnet+sonnet,2026-09-26T23:01:18+00:00,disputed
same,32226~205664966,2885a4c3db7143f8,needs_context,,panel:opus+sonnet+sonnet,2026-09-26T23:01:18+00:00,disputed
same,32226~205985717,61a3e7128a137511,needs_context,,panel:opus+sonnet+sonnet,2026-09-26T23:01:18+00:00,disputed
same,32226~205985718,b7d582186597b756,needs_context,,panel:opus+sonnet+sonnet,2026-09-26T23:01:18+00:00,disputed
same,32226~205985719,b7d582186597b756,needs_context,,panel:opus+sonnet+sonnet,2026-09-26T23:01:18+00:00,disputed
same,32228~205664966,ae3526692c55401f,needs_context,,panel:opus+sonnet+sonnet,2026-09-26T23:01:18+00:00,disputed
same,32228~205985717,ec7a33010144e1fd,needs_context,,panel:opus+sonnet+sonnet,2026-09-26T23:01:18+00:00,disputed
same,32228~205985719,732a9b75d49a0918,needs_context,,panel:opus+sonnet+sonnet,2026-09-26T23:01:18+00:00,disputed
same,32279~205664966,543a08cf1a0e871e,needs_context,,panel:opus+sonnet+sonnet,2026-09-26T23:01:18+00:00,disputed
same,32279~205985718,4c2fbea83b87684a,needs_context,,panel:opus+sonnet+sonnet,2026-09-26T23:01:18+00:00,disputed
same,32279~205985719,4c2fbea83b87684a,needs_context,,panel:opus+sonnet+sonnet,2026-09-26T23:01:18+00:00,disputed
same,32280~205664966,cbec1413758dd35e,needs_context,,panel:opus+sonnet+sonnet,2026-09-26T23:01:18+00:00,disputed
same,32280~205985717,6730d88087b50c2d,needs_context,,panel:opus+sonnet+sonnet,2026-09-26T23:01:18+00:00,disputed
same,32280~205985718,b52491b1460621b3,needs_context,,panel:opus+sonnet+sonnet,2026-09-26T23:01:18+00:00,disputed
same,32323~206928378,9e0d5c6b467e8fbc,labeled,no,panel:opus+sonnet+sonnet,2026-09-26T23:01:18+00:00,audit
same,32395~203131413,3a3521fc341d74e3,needs_context,,panel:opus+sonnet+sonnet,2026-09-26T23:01:18+00:00,disputed
same,32625~201935171,84fafb6ce62c4f05,labeled,no,panel:opus+sonnet+sonnet,2026-09-26T23:01:18+00:00,audit
same,32628~207554111,be07a8f566dff784,labeled,no,panel:opus+sonnet+sonnet,2026-09-26T23:01:18+00:00,disputed
same,32664~209975310,402bcae9a110712a,labeled,yes,panel:opus+sonnet+sonnet,2026-09-26T23:01:18+00:00,disputed
same,32906~203324965,abbadc285e5ad42f,labeled,yes,panel:opus+sonnet+sonnet,2026-09-26T23:01:18+00:00,disputed
same,33021~203154818,ba2f6b1cb22065c1,ambiguous,,panel:opus+sonnet+sonnet,2026-09-26T23:01:18+00:00,disputed
same,33045~201692677,8e5c0092291b67b4,labeled,no,panel:opus+sonnet+sonnet,2026-09-26T23:01:18+00:00,audit
same,33150~208085175,d3fc1fca9f4ab5bd,labeled,no,panel:opus+sonnet+sonnet,2026-09-26T23:01:18+00:00,audit
same,33175~207390617,eebf4d0386ab575c,labeled,no,panel:opus+sonnet+sonnet,2026-09-26T23:01:18+00:00,disputed
same,33452~207667994,c40949d40933127e,labeled,yes,panel:opus+sonnet+sonnet,2026-09-26T23:01:18+00:00,disputed
same,33453~207876535,6210cf95922b0ecd,labeled,yes,panel:opus+sonnet+sonnet,2026-09-26T23:01:18+00:00,disputed
same,33471~208504178,d25512a6461ec1c5,labeled,no,panel:opus+sonnet+sonnet,2026-09-26T23:01:18+00:00,disputed
same,33496~206928388,d83d9f2922a3213b,labeled,no,panel:opus+sonnet+sonnet,2026-09-26T23:01:18+00:00,disputed
same,33496~206928390,c40e23523ee283b5,labeled,no,panel:opus+sonnet+sonnet,2026-09-26T23:01:18+00:00,disputed
same,33498~206928384,293b975ad8b35506,labeled,no,panel:opus+sonnet+sonnet,2026-09-26T23:01:18+00:00,disputed
same,33498~206928388,5e4b84f7fc8a8042,labeled,no,panel:opus+sonnet+sonnet,2026-09-26T23:01:18+00:00,disputed
same,33522~207986293,4796667e677885a3,labeled,no,panel:opus+sonnet+sonnet,2026-09-26T23:01:18+00:00,disputed
same,33522~208464207,b392628d091c8860,labeled,no,panel:opus+sonnet+sonnet,2026-09-26T23:01:18+00:00,disputed
same,33637~208937534,2c3ead9e8ea09f60,labeled,no,panel:opus+sonnet+sonnet,2026-09-26T23:01:18+00:00,audit
same,33643~207986331,f791fa3b471b6751,labeled,no,panel:opus+sonnet+sonnet,2026-09-26T23:01:18+00:00,audit
same,33668~206917814,0ad53056dcdc84d4,labeled,no,panel:opus+sonnet+sonnet,2026-09-26T23:01:18+00:00,disputed
same,33670~206917815,6cb7b508a567eec2,labeled,no,panel:opus+sonnet+sonnet,2026-09-26T23:01:18+00:00,disputed
same,33670~206917817,200deb1d6035dda0,labeled,no,panel:opus+sonnet+sonnet,2026-09-26T23:01:18+00:00,disputed
same,33671~207937987,8c2bd9adf51d930c,labeled,no,panel:opus+sonnet+sonnet,2026-09-26T23:01:18+00:00,audit
same,33726~207993409,3c69d8d6ac7702dc,labeled,yes,panel:opus+sonnet+sonnet,2026-09-26T23:01:18+00:00,disputed
same,33758~208504099,9ffef785bdf29ba3,labeled,no,panel:opus+sonnet+sonnet,2026-09-26T23:01:18+00:00,disputed
same,33763~207910212,8b330bdf7369eeb0,labeled,no,panel:opus+sonnet+sonnet,2026-09-26T23:01:18+00:00,disputed
same,33763~208112356,fd8787f31be3d1c3,labeled,yes,panel:opus+sonnet+sonnet,2026-09-26T23:01:18+00:00,audit
same,33767~207910212,18fd95253ccb4098,labeled,no,panel:opus+sonnet+sonnet,2026-09-26T23:01:18+00:00,disputed
same,33769~207910212,387f02d5944a3124,labeled,no,panel:opus+sonnet+sonnet,2026-09-26T23:01:18+00:00,disputed
same,33784~206854516,31507849f080842a,labeled,no,panel:opus+sonnet+sonnet,2026-09-26T23:01:18+00:00,audit
same,34031~208455894,115db7edfb305ddd,labeled,no,panel:opus+sonnet+sonnet,2026-09-26T23:01:18+00:00,audit
same,34119~203086857,dbfe3f1887f4a7ce,labeled,no,panel:opus+sonnet+sonnet,2026-09-26T23:01:18+00:00,audit
same,34153~207390673,96e17ed841fe70b5,labeled,no,panel:opus+sonnet+sonnet,2026-09-26T23:01:18+00:00,disputed
same,34154~207465587,2c070f99bbb002c4,labeled,no,panel:opus+sonnet+sonnet,2026-09-26T23:01:18+00:00,disputed
same,34253~206887992,af6f0ef066d3fc4f,labeled,yes,panel:opus+sonnet+sonnet,2026-09-26T23:01:18+00:00,disputed
same,34258~206888001,16b4ba52f6bd125f,labeled,yes,panel:opus+sonnet+sonnet,2026-09-26T23:01:18+00:00,disputed
same,34266~207900180,74e97ddea9700d5f,labeled,yes,panel:opus+sonnet+sonnet,2026-09-26T23:01:18+00:00,audit
same,34378~207390180,b4c6dcdbf10741c6,labeled,no,panel:opus+sonnet+sonnet,2026-09-26T23:01:18+00:00,audit
same,34476~202619749,3233a38571bb3766,labeled,no,panel:opus+sonnet+sonnet,2026-09-26T23:01:18+00:00,audit
same,34553~210402579,c7bb1a9c050a58b4,labeled,no,panel:opus+sonnet+sonnet,2026-09-26T23:01:18+00:00,audit
same,34848~208117929,616373a90e8cf6ef,needs_context,,panel:opus+sonnet+sonnet,2026-09-26T23:01:18+00:00,disputed
same,34848~208117931,616373a90e8cf6ef,needs_context,,panel:opus+sonnet+sonnet,2026-09-26T23:01:18+00:00,disputed
same,34848~208117932,616373a90e8cf6ef,needs_context,,panel:opus+sonnet+sonnet,2026-09-26T23:01:18+00:00,disputed
same,34848~208117933,616373a90e8cf6ef,needs_context,,panel:opus+sonnet+sonnet,2026-09-26T23:01:18+00:00,disputed
same,34854~208504318,dee5726d9e729964,labeled,no,panel:opus+sonnet+sonnet,2026-09-26T23:01:18+00:00,audit
same,34854~209297157,24c26ece9a8ba59a,labeled,yes,panel:opus+sonnet+sonnet,2026-09-26T23:01:18+00:00,audit
same,34883~207929461,599f4b8aa8f4c450,labeled,yes,panel:opus+sonnet+sonnet,2026-09-26T23:01:18+00:00,disputed
same,34926~208117929,94b02dbb0ef1f211,needs_context,,panel:opus+sonnet+sonnet,2026-09-26T23:01:18+00:00,disputed
same,34926~208117930,94b02dbb0ef1f211,needs_context,,panel:opus+sonnet+sonnet,2026-09-26T23:01:18+00:00,disputed
same,34926~208117931,94b02dbb0ef1f211,needs_context,,panel:opus+sonnet+sonnet,2026-09-26T23:01:18+00:00,disputed
same,34926~208117933,94b02dbb0ef1f211,needs_context,,panel:opus+sonnet+sonnet,2026-09-26T23:01:18+00:00,disputed
same,34927~208117929,b22e4119cc0f85f5,needs_context,,panel:opus+sonnet+sonnet,2026-09-26T23:01:18+00:00,disputed
same,34927~208117930,b22e4119cc0f85f5,needs_context,,panel:opus+sonnet+sonnet,2026-09-26T23:01:18+00:00,disputed
same,34927~208117931,b22e4119cc0f85f5,needs_context,,panel:opus+sonnet+sonnet,2026-09-26T23:01:18+00:00,disputed
same,34927~208117932,b22e4119cc0f85f5,needs_context,,panel:opus+sonnet+sonnet,2026-09-26T23:01:18+00:00,disputed
same,34928~208117929,be120890b0d6c89b,needs_context,,panel:opus+sonnet+sonnet,2026-09-26T23:01:18+00:00,disputed
same,34928~208117930,be120890b0d6c89b,needs_context,,panel:opus+sonnet+sonnet,2026-09-26T23:01:18+00:00,disputed
same,34928~208117932,be120890b0d6c89b,needs_context,,panel:opus+sonnet+sonnet,2026-09-26T23:01:18+00:00,disputed
same,34928~208117933,be120890b0d6c89b,needs_context,,panel:opus+sonnet+sonnet,2026-09-26T23:01:18+00:00,disputed
same,34934~208117930,3665b72634bc5eee,needs_context,,panel:opus+sonnet+sonnet,2026-09-26T23:01:18+00:00,disputed
same,34934~208117931,3665b72634bc5eee,needs_context,,panel:opus+sonnet+sonnet,2026-09-26T23:01:18+00:00,disputed
same,34934~208117932,3665b72634bc5eee,needs_context,,panel:opus+sonnet+sonnet,2026-09-26T23:01:18+00:00,disputed
same,34934~208117933,3665b72634bc5eee,needs_context,,panel:opus+sonnet+sonnet,2026-09-26T23:01:18+00:00,disputed
same,34945~208114672,b7a5ef76f5ac1d53,needs_context,,panel:opus+sonnet+sonnet,2026-09-26T23:01:18+00:00,disputed
same,34945~208114683,893a9346988a492c,labeled,yes,panel:opus+sonnet+sonnet,2026-09-26T23:01:18+00:00,audit
same,34945~208114686,68add2556238f6db,labeled,no,panel:opus+sonnet+sonnet,2026-09-26T23:01:18+00:00,disputed
same,34946~208114673,51d4484d6f99db45,needs_context,,panel:opus+sonnet+sonnet,2026-09-26T23:01:18+00:00,disputed
same,34946~208114686,436f7bf339c2e9d6,labeled,no,panel:opus+sonnet+sonnet,2026-09-26T23:01:18+00:00,disputed
same,34947~208114672,ba116aa1cba71ad4,needs_context,,panel:opus+sonnet+sonnet,2026-09-26T23:01:18+00:00,disputed
same,34947~208114686,1ab095f5fe295669,labeled,no,panel:opus+sonnet+sonnet,2026-09-26T23:01:18+00:00,disputed
same,34948~208114672,1c74f9df721b7ffd,needs_context,,panel:opus+sonnet+sonnet,2026-09-26T23:01:18+00:00,disputed
same,34948~208114673,1c74f9df721b7ffd,needs_context,,panel:opus+sonnet+sonnet,2026-09-26T23:01:18+00:00,disputed
same,34948~208114686,99abbf76ae403299,labeled,no,panel:opus+sonnet+sonnet,2026-09-26T23:01:18+00:00,disputed
same,34961~208114683,7feffd8acd53ec04,needs_context,,panel:opus+sonnet+sonnet,2026-09-26T23:01:18+00:00,disputed
same,35010~208117936,eaf1d3417cf0a0bd,needs_context,,panel:opus+sonnet+sonnet,2026-09-26T23:01:18+00:00,disputed
same,35010~208117937,eaf1d3417cf0a0bd,needs_context,,panel:opus+sonnet+sonnet,2026-09-26T23:01:18+00:00,disputed
same,35011~208117937,50be67701bc90096,needs_context,,panel:opus+sonnet+sonnet,2026-09-26T23:01:18+00:00,disputed
same,35011~208117938,50be67701bc90096,needs_context,,panel:opus+sonnet+sonnet,2026-09-26T23:01:18+00:00,disputed
same,35014~208117936,af96fbe4185273fd,needs_context,,panel:opus+sonnet+sonnet,2026-09-26T23:01:18+00:00,disputed
same,35014~208117938,af96fbe4185273fd,needs_context,,panel:opus+sonnet+sonnet,2026-09-26T23:01:18+00:00,disputed
same,35019~208117925,c808be77e9412481,needs_context,,panel:opus+sonnet+sonnet,2026-09-26T23:01:18+00:00,disputed
same,35019~208156876,6446ce34cee412ea,needs_context,,panel:opus+sonnet+sonnet,2026-09-26T23:01:18+00:00,disputed
same,35019~208156877,9b7edf4e56ec8488,needs_context,,panel:opus+sonnet+sonnet,2026-09-26T23:01:18+00:00,disputed
same,35019~208156878,9b7edf4e56ec8488,needs_context,,panel:opus+sonnet+sonnet,2026-09-26T23:01:18+00:00,disputed
same,35019~208156879,9b7edf4e56ec8488,needs_context,,panel:opus+sonnet+sonnet,2026-09-26T23:01:18+00:00,disputed
same,35022~208156876,7df15967480e1085,needs_context,,panel:opus+sonnet+sonnet,2026-09-26T23:01:18+00:00,disputed
same,35022~208156877,0f0e77f42667e581,needs_context,,panel:opus+sonnet+sonnet,2026-09-26T23:01:18+00:00,disputed
same,35022~208156878,0f0e77f42667e581,needs_context,,panel:opus+sonnet+sonnet,2026-09-26T23:01:18+00:00,disputed
same,35022~208156879,0f0e77f42667e581,needs_context,,panel:opus+sonnet+sonnet,2026-09-26T23:01:18+00:00,disputed
same,35024~208117925,db93047061d2e1d1,needs_context,,panel:opus+sonnet+sonnet,2026-09-26T23:01:18+00:00,disputed
same,35024~208156877,9cbf21ff24c242cd,needs_context,,panel:opus+sonnet+sonnet,2026-09-26T23:01:18+00:00,disputed
same,35024~208156878,9cbf21ff24c242cd,needs_context,,panel:opus+sonnet+sonnet,2026-09-26T23:01:18+00:00,disputed
same,35024~208156879,9cbf21ff24c242cd,needs_context,,panel:opus+sonnet+sonnet,2026-09-26T23:01:18+00:00,disputed
same,35031~208156877,515e5432757046f0,needs_context,,panel:opus+sonnet+sonnet,2026-09-26T23:01:18+00:00,disputed
same,35031~208156879,515e5432757046f0,needs_context,,panel:opus+sonnet+sonnet,2026-09-26T23:01:18+00:00,disputed
same,35033~208156878,d9f45ca7353885e3,needs_context,,panel:opus+sonnet+sonnet,2026-09-26T23:01:18+00:00,disputed
same,35033~208156879,d9f45ca7353885e3,needs_context,,panel:opus+sonnet+sonnet,2026-09-26T23:01:18+00:00,disputed
same,35035~208156877,560a262658d5d95c,needs_context,,panel:opus+sonnet+sonnet,2026-09-26T23:01:18+00:00,disputed
same,35035~208156878,560a262658d5d95c,needs_context,,panel:opus+sonnet+sonnet,2026-09-26T23:01:18+00:00,disputed
same,35165~208294904,d762e854a3e61690,labeled,no,panel:opus+sonnet+sonnet,2026-09-26T23:01:18+00:00,audit
same,35175~208117920,4af9c0bb4163e60c,needs_context,,panel:opus+sonnet+sonnet,2026-09-26T23:01:18+00:00,disputed
same,35175~208117924,52e5c8dfdabc915d,needs_context,,panel:opus+sonnet+sonnet,2026-09-26T23:01:18+00:00,disputed
same,35190~208117920,78edd7b35e0d9d94,needs_context,,panel:opus+sonnet+sonnet,2026-09-26T23:01:18+00:00,disputed
same,35231~208114682,c509db9fe735efc3,needs_context,,panel:opus+sonnet+sonnet,2026-09-26T23:01:18+00:00,disputed
same,35231~208114686,6fb46645d2a1a733,labeled,yes,panel:opus+sonnet+sonnet,2026-09-26T23:01:18+00:00,disputed
same,35247~208504407,09460b12b59b9f94,labeled,yes,panel:opus+sonnet+sonnet,2026-09-26T23:01:18+00:00,audit
same,35277~208084021,40132e3b032016f7,labeled,no,panel:opus+sonnet+sonnet,2026-09-26T23:01:18+00:00,audit
same,35277~208085253,2c4a78b30f0f6e61,labeled,yes,panel:opus+sonnet+sonnet,2026-09-26T23:01:18+00:00,audit
same,35306~207543189,7089a2568e964d4b,labeled,no,panel:opus+sonnet+sonnet,2026-09-26T23:01:18+00:00,audit
same,35384~203088013,d51f7037a0db7e68,labeled,no,panel:opus+sonnet+sonnet,2026-09-26T23:01:18+00:00,audit
same,35552~202870174,dfe953375ee97150,ambiguous,,panel:opus+sonnet+sonnet,2026-09-26T23:01:18+00:00,disputed
same,35748~210435439,c7e9fb215dd085c6,labeled,yes,panel:opus+sonnet+sonnet,2026-09-26T23:01:18+00:00,disputed
same,35853~208085178,4b2016b0813ac942,labeled,no,panel:opus+sonnet+sonnet,2026-09-26T23:01:18+00:00,audit
same,35900~206928378,36d8689c0be4279a,labeled,no,panel:opus+sonnet+sonnet,2026-09-26T23:01:18+00:00,audit
same,35903~205769439,597facaccf2422a1,labeled,yes,panel:opus+sonnet+sonnet,2026-09-26T23:01:18+00:00,disputed
same,35987~207464939,147b07dcfd3cafee,labeled,no,panel:opus+sonnet+sonnet,2026-09-26T23:01:18+00:00,disputed
same,35990~204049431,841729e887424ef0,labeled,no,panel:opus+sonnet+sonnet,2026-09-26T23:01:18+00:00,disputed
same,36061~206812505,c55ac805751dc65d,labeled,no,panel:opus+sonnet+sonnet,2026-09-26T23:01:18+00:00,audit
same,36084~205664938,98938f7a2a7d7dcd,labeled,yes,panel:opus+sonnet+sonnet,2026-09-26T23:01:18+00:00,disputed
same,36142~207907548,22a40c2e0dc9ed19,labeled,yes,panel:opus+sonnet+sonnet,2026-09-26T23:01:18+00:00,audit
same,36169~205691190,a4672355dcd003e9,labeled,no,panel:opus+sonnet+sonnet,2026-09-26T23:01:18+00:00,disputed
same,36264~209000383,04a157f8c40d42da,labeled,yes,panel:opus+sonnet+sonnet,2026-09-26T23:01:18+00:00,disputed
same,36295~90128026,99001f80c75a28a4,ambiguous,,panel:opus+sonnet+sonnet,2026-09-26T23:01:18+00:00,disputed
same,36308~209000385,45ac970193111537,labeled,yes,panel:opus+sonnet+sonnet,2026-09-26T23:01:18+00:00,disputed
same,36345~204407682,a15972938790fcd0,labeled,no,panel:opus+sonnet+sonnet,2026-09-26T23:01:18+00:00,disputed
same,36451~208237793,6e0ef50a9739829e,labeled,no,panel:opus+sonnet+sonnet,2026-09-26T23:01:18+00:00,audit
same,36452~207656388,c9bcfdb06db3f3bc,labeled,no,panel:opus+sonnet+sonnet,2026-09-26T23:01:18+00:00,audit
same,36722~206120294,83b14a32cfb403ec,labeled,no,panel:opus+sonnet+sonnet,2026-09-26T23:01:18+00:00,audit
same,36789~208154854,ac28b1f4477bcc97,labeled,yes,panel:opus+sonnet+sonnet,2026-09-26T23:01:18+00:00,disputed
same,36796~208154853,744f31ca2ef89ec9,labeled,yes,panel:opus+sonnet+sonnet,2026-09-26T23:01:18+00:00,disputed
same,36808~207390452,fa85267529c3c63d,labeled,no,panel:opus+sonnet+sonnet,2026-09-26T23:01:18+00:00,audit
same,36812~210399819,6dd98add8a4e9591,labeled,yes,panel:opus+sonnet+sonnet,2026-09-26T23:01:18+00:00,audit
same,36864~208504345,5dabf5c3f0feb99c,labeled,no,panel:opus+sonnet+sonnet,2026-09-26T23:01:18+00:00,audit
same,36999~206901652,79d3e8e73e76fc07,labeled,no,panel:opus+sonnet+sonnet,2026-09-26T23:01:18+00:00,audit
same,36999~207920831,a74eaac25ae428ef,labeled,no,panel:opus+sonnet+sonnet,2026-09-26T23:01:18+00:00,audit
same,37010~210399855,78a4fdf38d519105,labeled,yes,panel:opus+sonnet+sonnet,2026-09-26T23:01:18+00:00,audit
same,37054~202870173,cd0560e66c898b2f,labeled,no,panel:opus+sonnet+sonnet,2026-09-26T23:01:18+00:00,audit
same,37091~207390618,7dc3ea01f89ab98b,labeled,no,panel:opus+sonnet+sonnet,2026-09-26T23:01:18+00:00,disputed
same,37139~208656497,e5fd1fef645dba8f,labeled,no,panel:opus+sonnet+sonnet,2026-09-26T23:01:18+00:00,audit
same,37174~209208663,ef86b0b956dbce36,labeled,yes,panel:opus+sonnet+sonnet,2026-09-26T23:01:18+00:00,audit
same,37231~209114390,ac3382b86eaf6c47,labeled,yes,panel:opus+sonnet+sonnet,2026-09-26T23:01:18+00:00,disputed
same,37322~209901964,79832d42c774115e,labeled,no,panel:opus+sonnet+sonnet,2026-09-26T23:01:18+00:00,audit
same,37340~206783256,667c3e5ad12383d0,labeled,no,panel:opus+sonnet+sonnet,2026-09-26T23:01:18+00:00,audit
same,37477~209310245,bda57eff462f774f,labeled,no,panel:opus+sonnet+sonnet,2026-09-26T23:01:18+00:00,disputed
same,37589~204363358,098892653b6e5433,labeled,no,panel:opus+sonnet+sonnet,2026-09-26T23:01:18+00:00,audit
same,37606~201700823,bed832f3c447e84c,labeled,no,panel:opus+sonnet+sonnet,2026-09-26T23:01:18+00:00,audit
same,37646~201692695,129ea744253151e1,labeled,no,panel:opus+sonnet+sonnet,2026-09-26T23:01:18+00:00,disputed
same,37652~201692677,feb033a15e01d241,labeled,no,panel:opus+sonnet+sonnet,2026-09-26T23:01:18+00:00,audit
same,37803~205466519,d8fff90b0c4f7bbd,labeled,no,panel:opus+sonnet+sonnet,2026-09-26T23:01:18+00:00,disputed
same,37859~210399745,5db2e9929523afa0,labeled,yes,panel:opus+sonnet+sonnet,2026-09-26T23:01:18+00:00,audit
same,37878~208453648,f11945d018e0e567,labeled,no,panel:opus+sonnet+sonnet,2026-09-26T23:01:18+00:00,audit
same,37915~207527632,cfb80e3a90529da9,labeled,no,panel:opus+sonnet+sonnet,2026-09-26T23:01:18+00:00,disputed
same,37934~209026638,6b3a261dd847108e,labeled,no,panel:opus+sonnet+sonnet,2026-09-26T23:01:18+00:00,audit
same,38129~207390507,1c9dc46735460356,labeled,no,panel:opus+sonnet+sonnet,2026-09-26T23:01:18+00:00,audit
same,38142~206928384,5a5a1cdb4b9fb2a5,labeled,no,panel:opus+sonnet+sonnet,2026-09-26T23:01:18+00:00,disputed
same,38142~206928390,b98af688042827cc,labeled,no,panel:opus+sonnet+sonnet,2026-09-26T23:01:18+00:00,disputed
same,38214~205599984,a04fac6ca0203a15,labeled,no,panel:opus+sonnet+sonnet,2026-09-26T23:01:18+00:00,audit
same,38231~201744288,ad1aa896be252823,labeled,yes,panel:opus+sonnet+sonnet,2026-09-26T23:01:18+00:00,disputed
same,38278~202070149,9c3c4422c04f1429,labeled,no,panel:opus+sonnet+sonnet,2026-09-26T23:01:18+00:00,audit
same,38278~206725964,4de42184fc3abf04,labeled,yes,panel:opus+sonnet+sonnet,2026-09-26T23:01:18+00:00,audit
same,38295~207509842,17d65014eb89d132,labeled,no,panel:opus+sonnet+sonnet,2026-09-26T23:01:18+00:00,audit
same,38323~205664966,dcbb3f345a37dd42,needs_context,,panel:opus+sonnet+sonnet,2026-09-26T23:01:18+00:00,disputed
same,38323~205985716,8e750b8255a7aa5b,needs_context,,panel:opus+sonnet+sonnet,2026-09-26T23:01:18+00:00,disputed
same,38388~210399777,a205a0c00bd10a19,labeled,no,panel:opus+sonnet+sonnet,2026-09-26T23:01:18+00:00,disputed
same,38399~210479062,057223c0b07ba8fe,labeled,yes,panel:opus+sonnet+sonnet,2026-09-26T23:01:18+00:00,disputed
same,38400~209245960,45e5a795015937a4,labeled,no,panel:opus+sonnet+sonnet,2026-09-26T23:01:18+00:00,audit
same,38451~206671732,77f0336bce5e6c91,labeled,no,panel:opus+sonnet+sonnet,2026-09-26T23:01:18+00:00,disputed
same,38473~10140760,5f4cf6c196816b41,labeled,no,panel:opus+sonnet+sonnet,2026-09-26T23:01:18+00:00,audit
same,38486~204407682,539ead5675873b48,labeled,no,panel:opus+sonnet+sonnet,2026-09-26T23:01:18+00:00,audit
same,38550~208296017,4812b0c0e5543ed3,labeled,yes,panel:opus+sonnet+sonnet,2026-09-26T23:01:18+00:00,disputed
same,38726~204080936,abd2114ec0b757f0,labeled,yes,panel:opus+sonnet+sonnet,2026-09-26T23:01:18+00:00,disputed
same,38773~209934620,f4631a308606c8b2,labeled,no,panel:opus+sonnet+sonnet,2026-09-26T23:01:18+00:00,audit
same,38781~207925440,224c460786c3a4e2,labeled,no,panel:opus+sonnet+sonnet,2026-09-26T23:01:18+00:00,audit
same,38800~207654106,4578c34782a8c0b8,labeled,no,panel:opus+sonnet+sonnet,2026-09-26T23:01:18+00:00,disputed
same,38800~207986293,977a80b9f52a9fb3,ambiguous,,panel:opus+sonnet+sonnet,2026-09-26T23:01:18+00:00,disputed
same,39054~207390496,96a2a7f6edbff8cb,ambiguous,,panel:opus+sonnet+sonnet,2026-09-26T23:01:18+00:00,disputed
same,39175~204822679,e6481013bbd2ae89,labeled,yes,panel:opus+sonnet+sonnet,2026-09-26T23:01:18+00:00,audit
same,9071~203024998,94899becffe6a0ad,labeled,yes,panel:opus+sonnet+sonnet,2026-09-26T23:01:18+00:00,audit
same,9546~208455792,f998e1f152d9f518,labeled,no,panel:opus+sonnet+sonnet,2026-09-26T23:01:18+00:00,audit
same,16000~208226458,1cbd3713399f4eb6,needs_context,,panel:opus+sonnet+sonnet,2026-09-26T23:09:18+00:00,disputed
same,27729~205664973,0afdab227a7cdea2,needs_context,,panel:opus+sonnet+sonnet,2026-09-26T23:09:18+00:00,disputed
same,28148~206745972,12490759bb4d05b9,needs_context,,panel:opus+sonnet+sonnet,2026-09-26T23:09:18+00:00,disputed
same,29272~203900792,5f4845e7a8ab848a,labeled,no,panel:opus+sonnet+sonnet,2026-09-26T23:09:18+00:00,disputed
same,30533~205729817,57398d9e15bdf3e7,labeled,yes,panel:opus+sonnet+sonnet,2026-09-26T23:09:18+00:00,disputed
same,33582~207876534,a0a67737c1c1b2e3,labeled,no,panel:opus+sonnet+sonnet,2026-09-26T23:09:18+00:00,disputed
same,34638~209934621,399f841752b10197,labeled,no,panel:opus+sonnet+sonnet,2026-09-26T23:09:18+00:00,disputed
same,34824~207390709,72c4d28a1d2ce46e,labeled,no,panel:opus+sonnet+sonnet,2026-09-26T23:09:18+00:00,disputed
same,34860~208114664,d9f021d175c3e493,needs_context,,panel:opus+sonnet+sonnet,2026-09-26T23:09:18+00:00,disputed
same,35060~203389382,fc4dcd8e5fde00bd,labeled,yes,panel:opus+sonnet+sonnet,2026-09-26T23:09:18+00:00,disputed
same,37120~209114551,d2100f4e1f3ec903,labeled,no,panel:opus+sonnet+sonnet,2026-09-26T23:09:18+00:00,disputed
same,20466~203185276,a2b0d62eb843d0d2,labeled,no,panel:opus+sonnet+sonnet,2026-09-26T23:34:06+00:00,disputed
same,33455~208033955,293865ba2147081b,labeled,yes,panel:opus+sonnet+sonnet,2026-09-26T23:34:06+00:00,disputed
same,34937~208114664,575a9b5ceec4b7e0,needs_context,,panel:opus+sonnet+sonnet,2026-09-26T23:34:06+00:00,disputed
same,38653~210571462,b321d53fda01b49b,labeled,no,panel:opus+sonnet+sonnet,2026-09-26T23:34:06+00:00,disputed
